ticker,first_seen_date,last_seen_date,seen_count,last_labels,last_filing_url
ABTS,2026-03-31,2026-03-31,1,dilution_bank|pipe_financing,https://www.sec.gov/Archives/edgar/data/1864055/0001493152-26-007823.txt
ACFN,2026-03-31,2026-03-31,2,dilution_bank,https://www.sec.gov/Archives/edgar/data/880984/0001493152-26-008939.txt
ACNT,2026-03-31,2026-03-31,1,dilution_bank,https://www.sec.gov/Archives/edgar/data/95953/0001104659-26-037689.txt
ACTU,2026-03-31,2026-03-31,2,dilution_bank|pipe_financing,https://www.sec.gov/Archives/edgar/data/1652935/0001683168-25-008732.txt
ACU,2026-03-31,2026-03-31,2,dilution_bank,https://www.sec.gov/Archives/edgar/data/2098/0001193125-26-074247.txt
ACXP,2026-03-31,2026-04-16,6,convert_financing|dilution_bank|pipe_financing,https://www.sec.gov/Archives/edgar/data/1736243/0001104659-26-044093.txt
ADGM,2026-03-31,2026-03-31,18,convert_financing|pipe_financing,https://www.sec.gov/Archives/edgar/data/2006986/0001104659-26-035699.txt
ADIL,2026-03-31,2026-04-09,5,dilution_bank,https://www.sec.gov/Archives/edgar/data/1513525/0001213900-26-042057.txt
ADTX,2026-03-31,2026-04-14,11,dilution_bank|pipe_financing,https://www.sec.gov/Archives/edgar/data/1726711/0001213900-26-043227.txt
ADVB,2026-03-31,2026-03-31,3,dilution_bank,https://www.sec.gov/Archives/edgar/data/1941029/0001213900-26-028330.txt
AEI,2026-03-31,2026-03-31,2,convert_financing|dilution_bank|pipe_financing,https://www.sec.gov/Archives/edgar/data/1750106/0001493152-26-013661.txt
AEMD,2026-03-31,2026-03-31,7,dilution_bank,https://www.sec.gov/Archives/edgar/data/882291/0001683168-26-000959.txt
AFBI,2026-03-31,2026-03-31,1,dilution_bank,https://www.sec.gov/Archives/edgar/data/1823406/0001193125-26-134773.txt
AGH,2026-03-31,2026-03-31,2,convert_financing|dilution_bank|pipe_financing,https://www.sec.gov/Archives/edgar/data/2009312/0001493152-26-012209.txt
AGIG,2026-03-31,2026-04-02,7,convert_financing|dilution_bank,https://www.sec.gov/Archives/edgar/data/1156041/0001493152-26-014820.txt
AGMH,2026-03-31,2026-03-31,1,convert_financing|dilution_bank|pipe_financing,https://www.sec.gov/Archives/edgar/data/1705402/0001185185-26-000151.txt
AGPU,2026-03-31,2026-04-16,20,dilution_bank,https://www.sec.gov/Archives/edgar/data/1446159/0001171843-26-002517.txt
AIDX,2026-04-01,2026-04-01,2,convert_financing|pipe_financing,https://www.sec.gov/Archives/edgar/data/1139685/0001213900-26-037770.txt
AIHS,2026-03-31,2026-03-31,6,convert_financing|dilution_bank,https://www.sec.gov/Archives/edgar/data/1711012/0001213900-26-002216.txt
AIM,2026-03-31,2026-04-10,8,dilution_bank|pipe_financing,https://www.sec.gov/Archives/edgar/data/946644/0001493152-26-016179.txt
AIRI,2026-03-31,2026-03-31,2,dilution_bank,https://www.sec.gov/Archives/edgar/data/1009891/0001213900-26-028297.txt
AIXC,2026-03-31,2026-04-16,9,convert_financing|dilution_bank|pipe_financing,https://www.sec.gov/Archives/edgar/data/1460702/0001493152-26-017084.txt
AKAN,2026-03-31,2026-03-31,2,convert_financing|dilution_bank|pipe_financing,https://www.sec.gov/Archives/edgar/data/1888014/0001213900-26-006025.txt
ALBT,2026-03-31,2026-04-20,11,convert_financing|dilution_bank|pipe_financing,https://www.sec.gov/Archives/edgar/data/1630212/0001213900-26-045689.txt
ALCO,2026-03-31,2026-03-31,2,dilution_bank,https://www.sec.gov/Archives/edgar/data/3545/0000003545-26-000010.txt
ALGS,2026-03-31,2026-03-31,1,dilution_bank,https://www.sec.gov/Archives/edgar/data/1799448/0001171843-26-001340.txt
ALOT,2026-03-31,2026-04-14,2,dilution_bank,https://www.sec.gov/Archives/edgar/data/8146/0001193125-26-153713.txt
ALZN,2026-03-31,2026-03-31,4,dilution_bank|pipe_financing,https://www.sec.gov/Archives/edgar/data/1677077/0001214659-26-002932.txt
AMS,2026-03-31,2026-03-31,2,dilution_bank,https://www.sec.gov/Archives/edgar/data/744825/0001437749-26-008996.txt
AMST,2026-03-31,2026-04-20,2,convert_financing|dilution_bank|pipe_financing,https://www.sec.gov/Archives/edgar/data/1807166/0001213900-26-045577.txt
AMZE,2026-03-31,2026-03-31,15,convert_financing|dilution_bank|pipe_financing,https://www.sec.gov/Archives/edgar/data/1880343/0001493152-26-014301.txt
ANDG,2026-03-31,2026-03-31,2,dilution_bank,https://www.sec.gov/Archives/edgar/data/2065708/0001193125-26-110698.txt
ANEB,2026-03-31,2026-03-31,3,dilution_bank,https://www.sec.gov/Archives/edgar/data/1815974/0001493152-26-006428.txt
ANY,2026-03-31,2026-03-31,7,dilution_bank,https://www.sec.gov/Archives/edgar/data/1591956/0001062993-26-001384.txt
APM,2026-03-31,2026-03-31,1,convert_financing|dilution_bank|pipe_financing,https://www.sec.gov/Archives/edgar/data/1734005/0001213900-25-098635.txt
APRE,2026-03-31,2026-04-01,8,dilution_bank|pipe_financing,https://www.sec.gov/Archives/edgar/data/1781983/0001104659-26-038258.txt
APVO,2026-03-31,2026-03-31,7,dilution_bank|pipe_financing,https://www.sec.gov/Archives/edgar/data/1671584/0001193125-26-032011.txt
APWC,2026-03-31,2026-03-31,1,dilution_bank|pipe_financing,https://www.sec.gov/Archives/edgar/data/1026980/0001628280-25-057806.txt
AQB,2026-03-31,2026-04-08,4,convert_financing|dilution_bank|pipe_financing,https://www.sec.gov/Archives/edgar/data/1603978/0001603978-26-000036.txt
AQMS,2026-03-31,2026-03-31,9,dilution_bank,https://www.sec.gov/Archives/edgar/data/1621832/0001437749-26-003828.txt
ARAI,2026-03-31,2026-04-14,3,convert_financing|pipe_financing,https://www.sec.gov/Archives/edgar/data/1818274/0001493152-26-016556.txt
ARTL,2026-03-31,2026-04-16,13,convert_financing|dilution_bank|pipe_financing,https://www.sec.gov/Archives/edgar/data/1621221/0001640334-26-000761.txt
ASNS,2026-03-31,2026-04-09,20,dilution_bank,https://www.sec.gov/Archives/edgar/data/1141284/0001213900-26-041856.txt
ASRT,2026-03-31,2026-03-31,2,convert_financing,https://www.sec.gov/Archives/edgar/data/1808665/0001808665-26-000010.txt
ASTC,2026-03-31,2026-03-31,5,convert_financing,https://www.sec.gov/Archives/edgar/data/1001907/0001437749-26-003995.txt
ASTI,2026-03-31,2026-03-31,8,convert_financing|dilution_bank|pipe_financing,https://www.sec.gov/Archives/edgar/data/1350102/0001079973-26-000202.txt
ATER,2026-03-31,2026-03-31,3,dilution_bank,https://www.sec.gov/Archives/edgar/data/1757715/0001437749-26-009432.txt
ATHR,2026-03-31,2026-03-31,1,dilution_bank,https://www.sec.gov/Archives/edgar/data/2026353/0001493152-25-028671.txt
ATNI,2026-03-31,2026-04-07,3,dilution_bank,https://www.sec.gov/Archives/edgar/data/879585/0001104659-26-040454.txt
ATON,2026-03-31,2026-03-31,15,dilution_bank|pipe_financing,https://www.sec.gov/Archives/edgar/data/1095435/0001171843-26-000848.txt
ATRA,2026-03-31,2026-03-31,4,dilution_bank|pipe_financing,https://www.sec.gov/Archives/edgar/data/1604464/0001193125-26-124322.txt
AUST,2026-03-31,2026-03-31,1,dilution_bank|pipe_financing,https://www.sec.gov/Archives/edgar/data/1817740/0001104659-26-012837.txt
AUUD,2026-03-31,2026-04-03,3,convert_financing|dilution_bank|pipe_financing,https://www.sec.gov/Archives/edgar/data/1554818/0001683168-26-002663.txt
AVBH,2026-03-31,2026-03-31,1,dilution_bank,https://www.sec.gov/Archives/edgar/data/1443575/0001437749-26-008062.txt
AVX,2026-03-31,2026-03-31,9,convert_financing|dilution_bank|pipe_financing,https://www.sec.gov/Archives/edgar/data/1826397/0001493152-26-009908.txt
AYTU,2026-03-31,2026-04-02,2,convert_financing|dilution_bank,https://www.sec.gov/Archives/edgar/data/1385818/0001437749-26-011116.txt
BANX,2026-03-31,2026-03-31,3,convert_financing|dilution_bank|pipe_financing,https://www.sec.gov/Archives/edgar/data/1578987/0001999371-26-001463.txt
BATL,2026-03-31,2026-04-02,7,convert_financing|dilution_bank|pipe_financing,https://www.sec.gov/Archives/edgar/data/1282648/0001104659-26-038751.txt
BBGI,2026-03-31,2026-04-08,2,dilution_bank,https://www.sec.gov/Archives/edgar/data/1099160/0001193125-26-146436.txt
BCDA,2026-03-31,2026-03-31,1,dilution_bank|pipe_financing,https://www.sec.gov/Archives/edgar/data/925741/0001437749-25-031727.txt
BDSX,2026-03-31,2026-03-31,2,pipe_financing,https://www.sec.gov/Archives/edgar/data/1439725/0001193125-26-076521.txt
BELFB,2026-03-31,2026-04-06,4,dilution_bank,https://www.sec.gov/Archives/edgar/data/729580/0001437749-26-011412.txt
BFC,2026-03-31,2026-03-31,3,dilution_bank,https://www.sec.gov/Archives/edgar/data/1746109/0001104659-26-005776.txt
BGLC,2026-03-31,2026-03-31,4,convert_financing|dilution_bank|pipe_financing,https://www.sec.gov/Archives/edgar/data/1737523/0001477932-25-008724.txt
BH,2026-03-31,2026-03-31,1,convert_financing|dilution_bank|pipe_financing,https://www.sec.gov/Archives/edgar/data/1726173/0001628280-26-002375.txt
BHM,2026-03-31,2026-03-31,2,dilution_bank|pipe_financing,https://www.sec.gov/Archives/edgar/data/1903382/0001104659-26-034276.txt
BIRD,2026-03-31,2026-04-20,2,convert_financing|dilution_bank|pipe_financing,https://www.sec.gov/Archives/edgar/data/1653909/0001193125-26-164338.txt
BIYA,2026-03-31,2026-04-01,3,convert_financing|dilution_bank|pipe_financing,https://www.sec.gov/Archives/edgar/data/1944712/0001213900-26-038595.txt
BJDX,2026-03-31,2026-03-31,10,dilution_bank|pipe_financing,https://www.sec.gov/Archives/edgar/data/1704287/0001213900-26-029261.txt
BKTI,2026-03-31,2026-04-03,3,dilution_bank|pipe_financing,https://www.sec.gov/Archives/edgar/data/2186/0001437749-26-011287.txt
BKYI,2026-03-31,2026-03-31,6,dilution_bank,https://www.sec.gov/Archives/edgar/data/1019034/0001437749-26-010506.txt
BMRA,2026-03-31,2026-03-31,1,dilution_bank,https://www.sec.gov/Archives/edgar/data/73290/0001493152-25-017363.txt
BNBX,2026-03-31,2026-03-31,7,dilution_bank,https://www.sec.gov/Archives/edgar/data/744452/0001104659-26-005784.txt
BNRG,2026-03-31,2026-03-31,4,convert_financing|dilution_bank|pipe_financing,https://www.sec.gov/Archives/edgar/data/1901215/0001213900-26-028281.txt
BOF,2026-03-31,2026-04-17,7,convert_financing|dilution_bank,https://www.sec.gov/Archives/edgar/data/1962481/0001493152-26-017850.txt
BOTJ,2026-03-31,2026-03-31,1,pipe_financing,https://www.sec.gov/Archives/edgar/data/1275101/0001275101-25-000003.txt
BOXL,2026-03-31,2026-04-13,10,convert_financing|dilution_bank,https://www.sec.gov/Archives/edgar/data/1624512/0001628280-26-024911.txt
BQ,2026-03-31,2026-03-31,2,convert_financing|dilution_bank|pipe_financing,https://www.sec.gov/Archives/edgar/data/1815021/0001213900-25-112655.txt
BRFH,2026-03-31,2026-04-15,6,convert_financing|dilution_bank,https://www.sec.gov/Archives/edgar/data/1487197/0001493152-26-016812.txt
BRN,2026-03-31,2026-04-09,15,dilution_bank,https://www.sec.gov/Archives/edgar/data/10048/0001140361-26-014041.txt
BRTX,2026-03-31,2026-03-31,6,convert_financing,https://www.sec.gov/Archives/edgar/data/1505497/0001493152-26-006837.txt
BSBK,2026-03-31,2026-03-31,1,dilution_bank,https://www.sec.gov/Archives/edgar/data/1787414/0000943374-25-000457.txt
BUDA,2026-03-31,2026-03-31,1,convert_financing|dilution_bank|pipe_financing,https://www.sec.gov/Archives/edgar/data/2079720/0001493152-26-001094.txt
BVFL,2026-03-31,2026-03-31,2,dilution_bank,https://www.sec.gov/Archives/edgar/data/1302387/0000943374-26-000014.txt
BXC,2026-03-31,2026-03-31,1,dilution_bank,https://www.sec.gov/Archives/edgar/data/1301787/0001104659-25-105300.txt
BYAH,2026-04-16,2026-04-16,1,convert_financing|dilution_bank|pipe_financing,https://www.sec.gov/Archives/edgar/data/1986247/0001213900-26-044324.txt
CABO,2026-03-31,2026-04-02,5,dilution_bank,https://www.sec.gov/Archives/edgar/data/1632127/0000950157-26-000463.txt
CABR,2026-03-31,2026-03-31,5,convert_financing|dilution_bank|pipe_financing,https://www.sec.gov/Archives/edgar/data/2020737/0001493152-26-012418.txt
CACC,2026-03-31,2026-04-03,4,dilution_bank,https://www.sec.gov/Archives/edgar/data/885550/0000885550-26-000053.txt
CALC,2026-03-31,2026-03-31,3,convert_financing|dilution_bank|pipe_financing,https://www.sec.gov/Archives/edgar/data/1534133/0001193125-26-088562.txt
CAPS,2026-03-31,2026-04-16,11,convert_financing,https://www.sec.gov/Archives/edgar/data/887151/0001213900-26-044558.txt
CARL,2026-03-31,2026-03-31,3,convert_financing,https://www.sec.gov/Archives/edgar/data/1794546/0001193125-26-071512.txt
CARV,2026-03-31,2026-03-31,2,dilution_bank,https://www.sec.gov/Archives/edgar/data/1016178/0000943374-25-000480.txt
CAST,2026-03-31,2026-04-03,4,convert_financing,https://www.sec.gov/Archives/edgar/data/1633369/0001213900-26-039990.txt
CBFV,2026-03-31,2026-03-31,1,dilution_bank,https://www.sec.gov/Archives/edgar/data/1605301/0001605301-25-000048.txt
CBK,2026-03-31,2026-03-31,1,dilution_bank,https://www.sec.gov/Archives/edgar/data/1981546/0001213900-26-008822.txt
CELZ,2026-03-31,2026-03-31,3,dilution_bank|pipe_financing,https://www.sec.gov/Archives/edgar/data/1187953/0001477932-25-008989.txt
CETY,2026-03-31,2026-03-31,5,convert_financing|dilution_bank,https://www.sec.gov/Archives/edgar/data/1329606/0001493152-26-009577.txt
CFFI,2026-03-31,2026-03-31,2,dilution_bank,https://www.sec.gov/Archives/edgar/data/913341/0000913341-26-000007.txt
CHAI,2026-03-31,2026-03-31,1,convert_financing|dilution_bank|pipe_financing,https://www.sec.gov/Archives/edgar/data/1649009/0001493152-25-022062.txt
CHCI,2026-03-31,2026-04-13,3,dilution_bank,https://www.sec.gov/Archives/edgar/data/1299969/0001628280-26-024803.txt
CHMG,2026-03-31,2026-04-17,3,convert_financing,https://www.sec.gov/Archives/edgar/data/763563/0001171843-26-002529.txt
CHR,2026-03-31,2026-03-31,2,convert_financing|dilution_bank|pipe_financing,https://www.sec.gov/Archives/edgar/data/1738758/0001213900-25-106869.txt
CIIT,2026-03-31,2026-03-31,2,dilution_bank,https://www.sec.gov/Archives/edgar/data/1557798/0001683168-26-001884.txt
CISS,2026-03-31,2026-03-31,20,convert_financing|dilution_bank|pipe_financing,https://www.sec.gov/Archives/edgar/data/1951067/0001193125-26-071752.txt
CIX,2026-03-31,2026-03-31,2,dilution_bank,https://www.sec.gov/Archives/edgar/data/1049606/0001049606-26-000003.txt
CJMB,2026-03-31,2026-03-31,1,convert_financing|pipe_financing,https://www.sec.gov/Archives/edgar/data/2032545/0001493152-26-009850.txt
CKX,2026-03-31,2026-03-31,1,dilution_bank,https://www.sec.gov/Archives/edgar/data/352955/0001437749-25-035779.txt
CLGN,2026-03-31,2026-03-31,2,convert_financing|dilution_bank|pipe_financing,https://www.sec.gov/Archives/edgar/data/1631487/0001213900-26-013033.txt
CLIK,2026-03-31,2026-03-31,1,dilution_bank|pipe_financing,https://www.sec.gov/Archives/edgar/data/2020027/0001493152-25-028640.txt
CLMB,2026-03-31,2026-03-31,4,dilution_bank,https://www.sec.gov/Archives/edgar/data/945983/0001437749-26-006373.txt
CLNN,2026-03-31,2026-03-31,7,convert_financing|pipe_financing,https://www.sec.gov/Archives/edgar/data/1822791/0001437749-26-007828.txt
CLRB,2026-03-31,2026-03-31,4,convert_financing|dilution_bank,https://www.sec.gov/Archives/edgar/data/1279704/0001104659-26-023169.txt
CLRO,2026-03-31,2026-03-31,2,convert_financing|dilution_bank|pipe_financing,https://www.sec.gov/Archives/edgar/data/840715/0001753926-26-000443.txt
CLST,2026-03-31,2026-03-31,1,dilution_bank,https://www.sec.gov/Archives/edgar/data/1849867/0001849867-25-000022.txt
CMCT,2026-03-31,2026-03-31,3,dilution_bank,https://www.sec.gov/Archives/edgar/data/908311/0000908311-26-000004.txt
CMND,2026-03-31,2026-03-31,6,convert_financing|dilution_bank|pipe_financing,https://www.sec.gov/Archives/edgar/data/1892500/0001213900-26-017379.txt
CMT,2026-03-31,2026-03-31,1,dilution_bank,https://www.sec.gov/Archives/edgar/data/1026655/0001026655-26-000007.txt
CNET,2026-03-31,2026-03-31,2,dilution_bank,https://www.sec.gov/Archives/edgar/data/1376321/0001171843-26-001982.txt
CNEY,2026-03-31,2026-03-31,1,convert_financing|dilution_bank|pipe_financing,https://www.sec.gov/Archives/edgar/data/1780785/0001477932-25-009114.txt
CNSP,2026-03-31,2026-03-31,1,dilution_bank,https://www.sec.gov/Archives/edgar/data/1729427/0001683168-25-008624.txt
COCP,2026-03-31,2026-03-31,5,dilution_bank,https://www.sec.gov/Archives/edgar/data/1412486/0001493152-26-010071.txt
CODA,2026-03-31,2026-04-01,3,convert_financing|dilution_bank|pipe_financing,https://www.sec.gov/Archives/edgar/data/1334325/0001493152-26-014534.txt
COHN,2026-03-31,2026-03-31,7,convert_financing|dilution_bank,https://www.sec.gov/Archives/edgar/data/1270436/0001104659-26-024696.txt
CPHC,2026-03-31,2026-03-31,1,dilution_bank,https://www.sec.gov/Archives/edgar/data/1672909/0001437749-26-009878.txt
CPHI,2026-03-31,2026-03-31,1,dilution_bank,https://www.sec.gov/Archives/edgar/data/1106644/0001213900-26-023022.txt
CPIX,2026-03-31,2026-03-31,3,dilution_bank|pipe_financing,https://www.sec.gov/Archives/edgar/data/1087294/0001087294-26-000015.txt
CPSS,2026-03-31,2026-04-13,6,dilution_bank,https://www.sec.gov/Archives/edgar/data/889609/0001683168-26-002853.txt
CRAI,2026-03-31,2026-03-31,1,dilution_bank,https://www.sec.gov/Archives/edgar/data/1053706/0001053706-26-000005.txt
CREG,2026-03-31,2026-04-16,4,convert_financing|dilution_bank,https://www.sec.gov/Archives/edgar/data/721693/0001213900-26-044619.txt
CREX,2026-03-31,2026-04-14,7,convert_financing,https://www.sec.gov/Archives/edgar/data/1356093/0001437749-26-012193.txt
CRIS,2026-03-31,2026-03-31,5,pipe_financing,https://www.sec.gov/Archives/edgar/data/1108205/0001108205-26-000030.txt
CRMT,2026-03-31,2026-04-10,8,dilution_bank,https://www.sec.gov/Archives/edgar/data/799850/0001104659-26-042024.txt
CRVO,2026-03-31,2026-03-31,2,dilution_bank,https://www.sec.gov/Archives/edgar/data/1053691/0001437749-26-009081.txt
CTEV,2026-03-31,2026-03-31,6,convert_financing|pipe_financing,https://www.sec.gov/Archives/edgar/data/1793229/0001793229-26-000012.txt
CTNT,2026-03-31,2026-04-02,9,dilution_bank|pipe_financing,https://www.sec.gov/Archives/edgar/data/1951667/0001104659-26-039184.txt
CTRN,2026-03-31,2026-03-31,2,dilution_bank,https://www.sec.gov/Archives/edgar/data/1318484/0001104659-26-017849.txt
CURX,2026-03-31,2026-03-31,2,dilution_bank,https://www.sec.gov/Archives/edgar/data/2025942/0001493152-26-009155.txt
CVCO,2026-03-31,2026-03-31,2,dilution_bank,https://www.sec.gov/Archives/edgar/data/278166/0001628280-26-004168.txt
CVKD,2026-03-31,2026-04-01,14,convert_financing|dilution_bank|pipe_financing,https://www.sec.gov/Archives/edgar/data/1937993/0001213900-26-038014.txt
CVM,2026-03-31,2026-04-17,4,convert_financing|dilution_bank|pipe_financing,https://www.sec.gov/Archives/edgar/data/725363/0001654954-26-003679.txt
CVV,2026-03-31,2026-04-07,3,dilution_bank,https://www.sec.gov/Archives/edgar/data/766792/0001493152-26-015505.txt
CWD,2026-03-31,2026-04-15,15,convert_financing,https://www.sec.gov/Archives/edgar/data/1627282/0001627282-26-000022.txt
CYN,2026-03-31,2026-04-07,7,dilution_bank,https://www.sec.gov/Archives/edgar/data/1874097/0001213900-26-041070.txt
DAIO,2026-03-31,2026-03-31,2,convert_financing|dilution_bank|pipe_financing,https://www.sec.gov/Archives/edgar/data/351998/0001193125-26-009022.txt
DBGI,2026-03-31,2026-04-15,3,convert_financing|dilution_bank|pipe_financing,https://www.sec.gov/Archives/edgar/data/1668010/0001493152-26-016699.txt
DCOY,2026-03-31,2026-03-31,5,dilution_bank,https://www.sec.gov/Archives/edgar/data/1615219/0001615219-25-000168.txt
DCX,2026-03-31,2026-03-31,2,convert_financing|dilution_bank|pipe_financing,https://www.sec.gov/Archives/edgar/data/1957413/0001493152-25-024938.txt
DEVS,2026-03-31,2026-04-14,11,convert_financing|dilution_bank,https://www.sec.gov/Archives/edgar/data/1854480/0001140361-26-014573.txt
DGICB,2026-03-31,2026-03-31,1,dilution_bank,https://www.sec.gov/Archives/edgar/data/800457/0001171843-26-000509.txt
DHIL,2026-03-31,2026-04-02,11,dilution_bank,https://www.sec.gov/Archives/edgar/data/909108/0001193125-26-140054.txt
DIT,2026-03-31,2026-04-20,3,dilution_bank,https://www.sec.gov/Archives/edgar/data/928465/0001104659-26-045495.txt
DLHC,2026-03-31,2026-03-31,2,dilution_bank,https://www.sec.gov/Archives/edgar/data/785557/0001628280-26-018861.txt
DLPN,2026-03-31,2026-03-31,4,convert_financing|dilution_bank,https://www.sec.gov/Archives/edgar/data/1282224/0001079973-26-000357.txt
DOGZ,2026-03-31,2026-03-31,1,convert_financing|dilution_bank|pipe_financing,https://www.sec.gov/Archives/edgar/data/1707303/0001493152-25-025798.txt
DRIO,2026-03-31,2026-04-13,8,pipe_financing,https://www.sec.gov/Archives/edgar/data/1533998/0001104659-26-042362.txt
DRUG,2026-03-31,2026-03-31,2,dilution_bank|pipe_financing,https://www.sec.gov/Archives/edgar/data/1827401/0001062993-26-000136.txt
DSS,2026-03-31,2026-04-17,4,convert_financing|dilution_bank|pipe_financing,https://www.sec.gov/Archives/edgar/data/771999/0001493152-26-017899.txt
DTCK,2026-03-31,2026-03-31,1,dilution_bank|pipe_financing,https://www.sec.gov/Archives/edgar/data/1949478/0001683168-26-000073.txt
DTCX,2026-03-31,2026-03-31,12,dilution_bank|pipe_financing,https://www.sec.gov/Archives/edgar/data/1853825/0001493152-26-014226.txt
DWSN,2026-03-31,2026-03-31,3,dilution_bank,https://www.sec.gov/Archives/edgar/data/799165/0001104659-26-037073.txt
DWTX,2026-03-31,2026-03-31,9,convert_financing,https://www.sec.gov/Archives/edgar/data/1818844/0001104659-26-029992.txt
DXR,2026-03-31,2026-03-31,4,convert_financing|dilution_bank|pipe_financing,https://www.sec.gov/Archives/edgar/data/27367/0001493152-26-003615.txt
ECDA,2026-03-31,2026-03-31,17,convert_financing|dilution_bank,https://www.sec.gov/Archives/edgar/data/1922858/0001437749-26-010367.txt
ECOR,2026-03-31,2026-03-31,2,convert_financing|dilution_bank|pipe_financing,https://www.sec.gov/Archives/edgar/data/1560258/0001493152-25-019349.txt
EDSA,2026-03-31,2026-03-31,4,dilution_bank|pipe_financing,https://www.sec.gov/Archives/edgar/data/1540159/0001171843-25-007918.txt
EDTK,2026-03-31,2026-03-31,1,convert_financing|dilution_bank,https://www.sec.gov/Archives/edgar/data/1782309/0001493152-25-017313.txt
EDUC,2026-03-31,2026-03-31,2,dilution_bank,https://www.sec.gov/Archives/edgar/data/31667/0001185185-26-000844.txt
EEIQ,2026-03-31,2026-03-31,2,dilution_bank|pipe_financing,https://www.sec.gov/Archives/edgar/data/1781397/0001213900-25-114196.txt
EEX,2026-03-31,2026-03-31,1,dilution_bank,https://www.sec.gov/Archives/edgar/data/1579214/0001193125-25-320084.txt
EFOI,2026-03-31,2026-03-31,3,convert_financing|pipe_financing,https://www.sec.gov/Archives/edgar/data/924168/0001628280-26-020695.txt
EKSO,2026-03-31,2026-03-31,6,convert_financing|dilution_bank|pipe_financing,https://www.sec.gov/Archives/edgar/data/1549084/0001437749-26-004205.txt
ELA,2026-04-10,2026-04-10,1,dilution_bank,https://www.sec.gov/Archives/edgar/data/701719/0000701719-26-000006.txt
ELAB,2026-03-31,2026-04-20,21,convert_financing|dilution_bank|pipe_financing,https://www.sec.gov/Archives/edgar/data/1840563/0001213900-26-045641.txt
ELMD,2026-03-31,2026-03-31,2,dilution_bank,https://www.sec.gov/Archives/edgar/data/1488917/0001437749-26-003636.txt
ELWT,2026-03-31,2026-04-02,6,convert_financing|dilution_bank,https://www.sec.gov/Archives/edgar/data/2063863/0001104659-26-038684.txt
EML,2026-03-31,2026-03-31,1,convert_financing|dilution_bank,https://www.sec.gov/Archives/edgar/data/31107/0001654954-25-012528.txt
ENVB,2026-03-31,2026-04-20,13,convert_financing|dilution_bank|pipe_financing,https://www.sec.gov/Archives/edgar/data/890821/0001493152-26-017960.txt
EQS,2026-03-31,2026-03-31,1,convert_financing,https://www.sec.gov/Archives/edgar/data/878932/0000878932-25-000009.txt
ESCA,2026-03-31,2026-03-31,1,dilution_bank,https://www.sec.gov/Archives/edgar/data/33488/0001437749-25-032266.txt
ESP,2026-03-31,2026-03-31,1,dilution_bank,https://www.sec.gov/Archives/edgar/data/33533/0001174947-25-001404.txt
ESQ,2026-03-31,2026-03-31,2,dilution_bank,https://www.sec.gov/Archives/edgar/data/1531031/0001104659-26-009293.txt
ETS,2026-03-31,2026-03-31,4,pipe_financing,https://www.sec.gov/Archives/edgar/data/2053641/0001104659-26-026391.txt
EU,2026-04-20,2026-04-20,1,dilution_bank|pipe_financing,https://www.sec.gov/Archives/edgar/data/1500881/0001193125-26-162680.txt
EVGN,2026-03-31,2026-03-31,1,dilution_bank|pipe_financing,https://www.sec.gov/Archives/edgar/data/1574565/0001178913-26-001780.txt
EVI,2026-03-31,2026-03-31,1,dilution_bank,https://www.sec.gov/Archives/edgar/data/65312/0001174947-25-001424.txt
EVTV,2026-03-31,2026-03-31,1,convert_financing|dilution_bank|pipe_financing,https://www.sec.gov/Archives/edgar/data/1563568/0001437749-26-007368.txt
EXOD,2026-03-31,2026-04-13,4,dilution_bank,https://www.sec.gov/Archives/edgar/data/1821534/0001628280-26-024888.txt
EXOZ,2026-03-31,2026-04-09,3,convert_financing|dilution_bank|pipe_financing,https://www.sec.gov/Archives/edgar/data/2010788/0001493152-26-015919.txt
FATN,2026-03-31,2026-03-31,1,dilution_bank,https://www.sec.gov/Archives/edgar/data/1993400/0001493152-26-008967.txt
FBIZ,2026-03-31,2026-03-31,2,dilution_bank,https://www.sec.gov/Archives/edgar/data/1521951/0001193125-26-104126.txt
FCCO,2026-03-31,2026-03-31,2,dilution_bank,https://www.sec.gov/Archives/edgar/data/932781/0001552781-26-000009.txt
FCUV,2026-03-31,2026-04-10,5,convert_financing|dilution_bank|pipe_financing,https://www.sec.gov/Archives/edgar/data/1590418/0001683168-26-002816.txt
FEED,2026-03-31,2026-03-31,7,dilution_bank,https://www.sec.gov/Archives/edgar/data/1326706/0001493152-26-005555.txt
FIEE,2026-03-31,2026-03-31,5,dilution_bank,https://www.sec.gov/Archives/edgar/data/1467761/0001829126-26-002796.txt
FINW,2026-03-31,2026-04-08,2,dilution_bank,https://www.sec.gov/Archives/edgar/data/1856365/0001856365-26-000028.txt
FJET,2026-03-31,2026-03-31,3,dilution_bank,https://www.sec.gov/Archives/edgar/data/1947016/0001062993-26-001157.txt
FLXS,2026-03-31,2026-03-31,1,dilution_bank,https://www.sec.gov/Archives/edgar/data/37472/0001193125-25-320861.txt
FNLC,2026-03-31,2026-03-31,1,dilution_bank,https://www.sec.gov/Archives/edgar/data/765207/0000765207-25-000050.txt
FNWB,2026-03-31,2026-03-31,3,dilution_bank,https://www.sec.gov/Archives/edgar/data/1556727/0001437749-26-002355.txt
FNWD,2026-03-31,2026-03-31,1,dilution_bank,https://www.sec.gov/Archives/edgar/data/919864/0001628280-26-003599.txt
FONR,2026-03-31,2026-03-31,1,convert_financing|dilution_bank,https://www.sec.gov/Archives/edgar/data/355019/0001731122-25-001734.txt
FORA,2026-03-31,2026-04-03,4,dilution_bank,https://www.sec.gov/Archives/edgar/data/1829280/0001140361-26-013124.txt
FRAF,2026-03-31,2026-03-31,1,dilution_bank,https://www.sec.gov/Archives/edgar/data/723646/0000723646-25-000086.txt
FSBW,2026-03-31,2026-03-31,3,convert_financing,https://www.sec.gov/Archives/edgar/data/1530249/0001437749-26-001639.txt
FSI,2026-03-31,2026-04-20,3,dilution_bank,https://www.sec.gov/Archives/edgar/data/1069394/0001493152-26-018034.txt
FSTR,2026-03-31,2026-03-31,3,dilution_bank,https://www.sec.gov/Archives/edgar/data/352825/0000352825-26-000011.txt
FTFT,2026-03-31,2026-03-31,1,convert_financing|dilution_bank|pipe_financing,https://www.sec.gov/Archives/edgar/data/1066923/0001213900-25-115905.txt
FTLF,2026-03-31,2026-04-07,4,dilution_bank,https://www.sec.gov/Archives/edgar/data/1374328/0001437749-26-011607.txt
FUNC,2026-03-31,2026-04-16,2,dilution_bank,https://www.sec.gov/Archives/edgar/data/763907/0001104659-26-044144.txt
FUSB,2026-03-31,2026-03-31,3,dilution_bank,https://www.sec.gov/Archives/edgar/data/717806/0001193125-26-048523.txt
FXNC,2026-03-31,2026-03-31,1,dilution_bank,https://www.sec.gov/Archives/edgar/data/719402/0001437749-25-032358.txt
GBFH,2026-03-31,2026-03-31,2,convert_financing|dilution_bank|pipe_financing,https://www.sec.gov/Archives/edgar/data/1791145/0001193125-26-014215.txt
GBLI,2026-03-31,2026-03-31,4,dilution_bank,https://www.sec.gov/Archives/edgar/data/1494904/0001193125-26-103797.txt
GBR,2026-04-07,2026-04-07,1,convert_financing,https://www.sec.gov/Archives/edgar/data/105744/0001214659-26-004379.txt
GCBC,2026-03-31,2026-03-31,2,dilution_bank,https://www.sec.gov/Archives/edgar/data/1070524/0001140361-26-001832.txt
GCO,2026-04-08,2026-04-08,1,dilution_bank,https://www.sec.gov/Archives/edgar/data/18498/0001193125-26-147591.txt
GCTK,2026-03-31,2026-04-14,10,convert_financing|pipe_financing,https://www.sec.gov/Archives/edgar/data/1506983/0001493152-26-016507.txt
GDHG,2026-03-31,2026-03-31,2,convert_financing|dilution_bank|pipe_financing,https://www.sec.gov/Archives/edgar/data/1928340/0001213900-26-008255.txt
GITS,2026-03-31,2026-03-31,2,convert_financing|dilution_bank,https://www.sec.gov/Archives/edgar/data/1911545/0001493152-26-013514.txt
GLE,2026-03-31,2026-03-31,1,convert_financing|dilution_bank|pipe_financing,https://www.sec.gov/Archives/edgar/data/1908705/0001213900-26-011011.txt
GLOO,2026-03-31,2026-03-31,2,dilution_bank,https://www.sec.gov/Archives/edgar/data/2069785/0001193125-26-028307.txt
GLXG,2026-03-31,2026-04-01,4,convert_financing|dilution_bank|pipe_financing,https://www.sec.gov/Archives/edgar/data/1905920/0001213900-26-038538.txt
GMEX,2026-03-31,2026-03-31,2,dilution_bank|pipe_financing,https://www.sec.gov/Archives/edgar/data/1928581/0001493152-25-025354.txt
GNLN,2026-03-31,2026-04-01,11,convert_financing|dilution_bank,https://www.sec.gov/Archives/edgar/data/1743745/0001493152-26-014529.txt
GOCO,2026-03-31,2026-03-31,4,convert_financing,https://www.sec.gov/Archives/edgar/data/1808220/0001628280-26-022434.txt
GP,2026-03-31,2026-03-31,3,convert_financing|dilution_bank|pipe_financing,https://www.sec.gov/Archives/edgar/data/1584547/0001062993-26-001164.txt
GRCE,2026-03-31,2026-03-31,3,dilution_bank|pipe_financing,https://www.sec.gov/Archives/edgar/data/1444192/0001140361-26-004927.txt
GRDX,2026-03-31,2026-03-31,4,dilution_bank,https://www.sec.gov/Archives/edgar/data/1604191/0001104659-25-118524.txt
GRI,2026-03-31,2026-03-31,10,pipe_financing,https://www.sec.gov/Archives/edgar/data/1824293/0001824293-26-000040.txt
GRNQ,2026-03-31,2026-03-31,3,dilution_bank|pipe_financing,https://www.sec.gov/Archives/edgar/data/1597846/0001493152-25-028288.txt
GTBP,2026-03-31,2026-04-07,7,dilution_bank,https://www.sec.gov/Archives/edgar/data/109657/0001493152-26-015413.txt
GURE,2026-03-31,2026-04-02,4,dilution_bank|pipe_financing,https://www.sec.gov/Archives/edgar/data/885462/0001193805-26-000401.txt
GVH,2026-03-31,2026-03-31,1,convert_financing|dilution_bank|pipe_financing,https://www.sec.gov/Archives/edgar/data/1978527/0001213900-26-000329.txt
GXAI,2026-03-31,2026-03-31,7,dilution_bank|pipe_financing,https://www.sec.gov/Archives/edgar/data/1895618/0001213900-26-032414.txt
GYRO,2026-03-31,2026-03-31,2,dilution_bank,https://www.sec.gov/Archives/edgar/data/1589061/0001437749-25-033184.txt
HAO,2026-03-31,2026-03-31,1,convert_financing|dilution_bank|pipe_financing,https://www.sec.gov/Archives/edgar/data/1954594/0001213900-26-007328.txt
HBB,2026-03-31,2026-03-31,2,dilution_bank,https://www.sec.gov/Archives/edgar/data/1709164/0001709164-26-000033.txt
HBCP,2026-03-31,2026-03-31,1,convert_financing|dilution_bank|pipe_financing,https://www.sec.gov/Archives/edgar/data/1436425/0001628280-25-053512.txt
HCTI,2026-03-31,2026-04-10,16,dilution_bank,https://www.sec.gov/Archives/edgar/data/1839285/0001213900-26-042597.txt
HCWB,2026-03-31,2026-03-31,8,convert_financing|dilution_bank|pipe_financing,https://www.sec.gov/Archives/edgar/data/1828673/0001193125-26-059578.txt
HFBL,2026-03-31,2026-04-15,4,dilution_bank,https://www.sec.gov/Archives/edgar/data/1500375/0000927089-26-000060.txt
HIND,2026-03-31,2026-03-31,5,convert_financing|dilution_bank,https://www.sec.gov/Archives/edgar/data/1427570/0001213900-26-020387.txt
HKIT,2026-03-31,2026-03-31,5,dilution_bank|pipe_financing,https://www.sec.gov/Archives/edgar/data/1742341/0001213900-26-036372.txt
HLXC,2026-03-31,2026-03-31,2,pipe_financing,https://www.sec.gov/Archives/edgar/data/2099656/0001213900-26-010350.txt
HMR,2026-03-31,2026-03-31,1,dilution_bank,https://www.sec.gov/Archives/edgar/data/2029471/0000919574-26-001873.txt
HNVR,2026-03-31,2026-03-31,2,dilution_bank,https://www.sec.gov/Archives/edgar/data/1828588/0001104659-26-007960.txt
HOUR,2026-03-31,2026-03-31,1,dilution_bank,https://www.sec.gov/Archives/edgar/data/1874875/0001493152-26-004840.txt
HQI,2026-03-31,2026-03-31,3,dilution_bank,https://www.sec.gov/Archives/edgar/data/1140102/0001437749-26-007199.txt
HTCR,2026-03-31,2026-04-06,8,dilution_bank,https://www.sec.gov/Archives/edgar/data/1892322/0001493152-26-015297.txt
HTOO,2026-03-31,2026-03-31,4,convert_financing|dilution_bank|pipe_financing,https://www.sec.gov/Archives/edgar/data/1819794/0001493152-26-012275.txt
HUHU,2026-03-31,2026-03-31,2,convert_financing|dilution_bank|pipe_financing,https://www.sec.gov/Archives/edgar/data/1945415/0001213900-26-036428.txt
HWBK,2026-03-31,2026-03-31,2,dilution_bank,https://www.sec.gov/Archives/edgar/data/893847/0000893847-26-000004.txt
HWH,2026-03-31,2026-03-31,3,convert_financing|dilution_bank,https://www.sec.gov/Archives/edgar/data/1897245/0001493152-26-005418.txt
HYFM,2026-03-31,2026-04-14,3,dilution_bank|pipe_financing,https://www.sec.gov/Archives/edgar/data/1695295/0001437749-26-012177.txt
HYNE,2026-03-31,2026-03-31,3,dilution_bank,https://www.sec.gov/Archives/edgar/data/2073153/0001104659-25-118175.txt
HYPD,2026-03-31,2026-03-31,5,dilution_bank|pipe_financing,https://www.sec.gov/Archives/edgar/data/1682639/0001104659-26-002496.txt
IBG,2026-03-31,2026-03-31,3,dilution_bank|pipe_financing,https://www.sec.gov/Archives/edgar/data/1924482/0001731122-26-000399.txt
IBO,2026-03-31,2026-03-31,1,convert_financing,https://www.sec.gov/Archives/edgar/data/1834105/0001493152-25-019734.txt
IBTA,2026-03-31,2026-03-31,2,convert_financing,https://www.sec.gov/Archives/edgar/data/1538379/0001628280-26-011669.txt
ICCC,2026-03-31,2026-03-31,3,dilution_bank,https://www.sec.gov/Archives/edgar/data/811641/0001437749-26-002685.txt
ICON,2026-03-31,2026-04-01,10,dilution_bank,https://www.sec.gov/Archives/edgar/data/1995574/0001140361-26-012671.txt
IDAI,2026-03-31,2026-03-31,5,convert_financing|pipe_financing,https://www.sec.gov/Archives/edgar/data/1718939/0001718939-26-000016.txt
IESC,2026-03-31,2026-03-31,3,dilution_bank,https://www.sec.gov/Archives/edgar/data/1048268/0001048268-26-000038.txt
IFBD,2026-03-31,2026-03-31,1,convert_financing|dilution_bank,https://www.sec.gov/Archives/edgar/data/1815566/0001731122-25-001721.txt
IHT,2026-03-31,2026-03-31,1,dilution_bank,https://www.sec.gov/Archives/edgar/data/82473/0001493152-26-003274.txt
IMA,2026-03-31,2026-04-13,5,convert_financing|dilution_bank|pipe_financing,https://www.sec.gov/Archives/edgar/data/1835579/0001193125-26-151942.txt
IMCC,2026-03-31,2026-03-31,1,convert_financing|dilution_bank|pipe_financing,https://www.sec.gov/Archives/edgar/data/1792030/0001178913-26-000322.txt
IMNN,2026-03-31,2026-03-31,6,pipe_financing,https://www.sec.gov/Archives/edgar/data/749647/0001493152-26-013816.txt
INAB,2026-03-31,2026-03-31,5,pipe_financing,https://www.sec.gov/Archives/edgar/data/1740279/0001193125-26-104144.txt
INBS,2026-03-31,2026-03-31,9,dilution_bank|pipe_financing,https://www.sec.gov/Archives/edgar/data/1725430/0001493152-26-012173.txt
INBX,2026-03-31,2026-03-31,1,dilution_bank,https://www.sec.gov/Archives/edgar/data/2007919/0002007919-25-000097.txt
INDO,2026-03-31,2026-03-31,1,dilution_bank|pipe_financing,https://www.sec.gov/Archives/edgar/data/1757840/0001493152-26-005260.txt
INDP,2026-03-31,2026-03-31,4,convert_financing,https://www.sec.gov/Archives/edgar/data/1857044/0001493152-26-012372.txt
INHD,2026-03-31,2026-04-08,8,dilution_bank,https://www.sec.gov/Archives/edgar/data/1961847/0001493152-26-015714.txt
INKT,2026-03-31,2026-03-31,3,dilution_bank|pipe_financing,https://www.sec.gov/Archives/edgar/data/1840229/0001193125-26-133346.txt
INLF,2026-03-31,2026-03-31,2,convert_financing|dilution_bank|pipe_financing,https://www.sec.gov/Archives/edgar/data/1991592/0001213900-26-027703.txt
INLX,2026-03-31,2026-03-31,1,dilution_bank,https://www.sec.gov/Archives/edgar/data/1081745/0001493152-26-006938.txt
INM,2026-03-31,2026-04-03,6,dilution_bank|pipe_financing,https://www.sec.gov/Archives/edgar/data/1728328/0001213900-26-039943.txt
INTG,2026-03-31,2026-03-31,1,dilution_bank,https://www.sec.gov/Archives/edgar/data/69422/0001493152-25-017648.txt
INTJ,2026-03-31,2026-03-31,1,dilution_bank,https://www.sec.gov/Archives/edgar/data/1916416/0001213900-25-115748.txt
IOR,2026-03-31,2026-03-31,1,dilution_bank,https://www.sec.gov/Archives/edgar/data/949961/0001999371-25-017074.txt
IPDN,2026-03-31,2026-03-31,5,dilution_bank,https://www.sec.gov/Archives/edgar/data/1546296/0001437749-25-036494.txt
IPM,2026-03-31,2026-03-31,1,dilution_bank|pipe_financing,https://www.sec.gov/Archives/edgar/data/1355839/0001213900-26-029186.txt
IPST,2026-03-31,2026-03-31,5,pipe_financing,https://www.sec.gov/Archives/edgar/data/1788230/0001788230-26-000015.txt
IPW,2026-03-31,2026-03-31,8,convert_financing,https://www.sec.gov/Archives/edgar/data/1830072/0001683168-26-001221.txt
IPWR,2026-03-31,2026-03-31,7,convert_financing|dilution_bank|pipe_financing,https://www.sec.gov/Archives/edgar/data/1507957/0001437749-26-010088.txt
IQST,2026-03-31,2026-04-10,8,convert_financing|dilution_bank,https://www.sec.gov/Archives/edgar/data/1527702/0001663577-26-000100.txt
IRMD,2026-03-31,2026-03-31,1,dilution_bank,https://www.sec.gov/Archives/edgar/data/1325618/0001104659-25-119090.txt
ISBA,2026-03-31,2026-03-31,2,convert_financing,https://www.sec.gov/Archives/edgar/data/842517/0000842517-26-000027.txt
ISPC,2026-03-31,2026-03-31,8,dilution_bank,https://www.sec.gov/Archives/edgar/data/1558569/0001213900-26-027736.txt
ISTR,2026-03-31,2026-03-31,3,convert_financing,https://www.sec.gov/Archives/edgar/data/1602658/0001437749-26-000650.txt
ITIC,2026-03-31,2026-03-31,2,dilution_bank,https://www.sec.gov/Archives/edgar/data/720858/0000720858-26-000006.txt
ITOC,2026-03-31,2026-03-31,1,convert_financing|dilution_bank|pipe_financing,https://www.sec.gov/Archives/edgar/data/1970544/0001213900-26-012903.txt
IVF,2026-03-31,2026-03-31,17,dilution_bank,https://www.sec.gov/Archives/edgar/data/1417926/0001493152-26-014227.txt
JAGU,2026-03-31,2026-03-31,1,convert_financing|dilution_bank,https://www.sec.gov/Archives/edgar/data/2039273/0001213900-26-018001.txt
JAGX,2026-03-31,2026-04-07,11,dilution_bank,https://www.sec.gov/Archives/edgar/data/1585608/0001193125-26-144604.txt
JAKK,2026-03-31,2026-03-31,2,dilution_bank,https://www.sec.gov/Archives/edgar/data/1009829/0001185185-26-001082.txt
JBSS,2026-03-31,2026-03-31,4,dilution_bank,https://www.sec.gov/Archives/edgar/data/880117/0001193125-26-131798.txt
JFB,2026-03-31,2026-03-31,4,convert_financing|dilution_bank,https://www.sec.gov/Archives/edgar/data/2024306/0001493152-26-012419.txt
JILL,2026-03-31,2026-03-31,1,dilution_bank,https://www.sec.gov/Archives/edgar/data/1687932/0001193125-25-319455.txt
JUNS,2026-03-31,2026-04-16,6,convert_financing|dilution_bank|pipe_financing,https://www.sec.gov/Archives/edgar/data/1679628/0001493152-26-016935.txt
JVA,2026-03-31,2026-03-31,2,dilution_bank,https://www.sec.gov/Archives/edgar/data/1007019/0001493152-26-004071.txt
JYD,2026-03-31,2026-03-31,1,convert_financing|dilution_bank|pipe_financing,https://www.sec.gov/Archives/edgar/data/1938186/0001213900-26-028679.txt
JYNT,2026-03-31,2026-03-31,1,dilution_bank,https://www.sec.gov/Archives/edgar/data/1612630/0001612630-25-000074.txt
JZXN,2026-03-31,2026-03-31,3,dilution_bank|pipe_financing,https://www.sec.gov/Archives/edgar/data/1816172/0001213900-26-017964.txt
KAVL,2026-04-07,2026-04-07,1,dilution_bank,https://www.sec.gov/Archives/edgar/data/1762239/0001731122-26-000540.txt
KELYB,2026-03-31,2026-03-31,1,dilution_bank,https://www.sec.gov/Archives/edgar/data/55135/0001193125-26-031768.txt
KEQU,2026-03-31,2026-03-31,4,dilution_bank,https://www.sec.gov/Archives/edgar/data/55529/0000055529-26-000006.txt
KG,2026-03-31,2026-03-31,1,dilution_bank,https://www.sec.gov/Archives/edgar/data/2055116/0001628280-26-008071.txt
KLRS,2026-03-31,2026-04-13,8,dilution_bank|pipe_financing,https://www.sec.gov/Archives/edgar/data/1754068/0001193125-26-152904.txt
KOSS,2026-03-31,2026-03-31,2,dilution_bank,https://www.sec.gov/Archives/edgar/data/56701/0000056701-26-000006.txt
KPTI,2026-03-31,2026-03-31,6,dilution_bank|pipe_financing,https://www.sec.gov/Archives/edgar/data/1503802/0001503802-26-000011.txt
KRRO,2026-03-31,2026-03-31,7,pipe_financing,https://www.sec.gov/Archives/edgar/data/1703647/0001193125-26-117883.txt
KRT,2026-03-31,2026-03-31,1,dilution_bank,https://www.sec.gov/Archives/edgar/data/1758021/0001758021-25-000007.txt
KRUS,2026-03-31,2026-03-31,1,dilution_bank,https://www.sec.gov/Archives/edgar/data/1772177/0001193125-25-335362.txt
KTCC,2026-03-31,2026-03-31,1,dilution_bank,https://www.sec.gov/Archives/edgar/data/719733/0000719733-25-000100.txt
KUST,2026-03-31,2026-04-17,11,dilution_bank,https://www.sec.gov/Archives/edgar/data/1342958/0001493152-26-017152.txt
KYNB,2026-03-31,2026-03-31,3,dilution_bank|pipe_financing,https://www.sec.gov/Archives/edgar/data/921299/0001193125-26-006327.txt
KZR,2026-03-31,2026-04-03,5,dilution_bank,https://www.sec.gov/Archives/edgar/data/1645666/0001628280-26-023703.txt
LAKE,2026-03-31,2026-03-31,1,dilution_bank,https://www.sec.gov/Archives/edgar/data/798081/0001193125-26-053271.txt
LARK,2026-03-31,2026-03-31,2,dilution_bank,https://www.sec.gov/Archives/edgar/data/1141688/0001493152-26-004018.txt
LBGJ,2026-03-31,2026-03-31,2,convert_financing|dilution_bank|pipe_financing,https://www.sec.gov/Archives/edgar/data/1896425/0001493152-26-006939.txt
LEE,2026-03-31,2026-03-31,6,convert_financing|dilution_bank|pipe_financing,https://www.sec.gov/Archives/edgar/data/58361/0001213900-26-024756.txt
LEGH,2026-03-31,2026-03-31,1,dilution_bank,https://www.sec.gov/Archives/edgar/data/1436208/0001104659-25-098561.txt
LESL,2026-03-31,2026-03-31,1,dilution_bank,https://www.sec.gov/Archives/edgar/data/1821806/0001193125-26-126737.txt
LFVN,2026-03-31,2026-03-31,2,dilution_bank,https://www.sec.gov/Archives/edgar/data/849146/0001628280-25-051641.txt
LGCB,2026-03-31,2026-03-31,1,convert_financing|dilution_bank,https://www.sec.gov/Archives/edgar/data/1969401/0001213900-26-019876.txt
LGL,2026-03-31,2026-03-31,1,pipe_financing,https://www.sec.gov/Archives/edgar/data/61004/0001437749-25-034642.txt
LIFE,2026-03-31,2026-03-31,1,convert_financing,https://www.sec.gov/Archives/edgar/data/1788451/0001193125-26-071749.txt
LINK,2026-03-31,2026-03-31,3,pipe_financing,https://www.sec.gov/Archives/edgar/data/828146/0001104659-25-111265.txt
LIVE,2026-03-31,2026-03-31,2,convert_financing,https://www.sec.gov/Archives/edgar/data/1045742/0001628280-26-007547.txt
LIXT,2026-03-31,2026-03-31,6,dilution_bank,https://www.sec.gov/Archives/edgar/data/1335105/0001493152-26-009526.txt
LMB,2026-03-31,2026-03-31,1,dilution_bank,https://www.sec.gov/Archives/edgar/data/1606163/0001628280-25-056884.txt
LMFA,2026-03-31,2026-03-31,8,convert_financing|dilution_bank|pipe_financing,https://www.sec.gov/Archives/edgar/data/1640384/0001193125-26-129077.txt
LNKS,2026-03-31,2026-03-31,1,convert_financing|dilution_bank,https://www.sec.gov/Archives/edgar/data/1972074/0001213900-26-033163.txt
LNSR,2026-03-31,2026-03-31,5,convert_financing,https://www.sec.gov/Archives/edgar/data/1320350/0001193125-26-133153.txt
LOAN,2026-03-31,2026-03-31,3,dilution_bank,https://www.sec.gov/Archives/edgar/data/1080340/0001493152-26-008061.txt
LONA,2026-03-31,2026-04-02,7,dilution_bank|pipe_financing,https://www.sec.gov/Archives/edgar/data/1620463/0001193125-26-138620.txt
LPA,2026-03-31,2026-03-31,2,dilution_bank,https://www.sec.gov/Archives/edgar/data/1997711/0001493152-25-026299.txt
LPCN,2026-03-31,2026-04-02,5,dilution_bank,https://www.sec.gov/Archives/edgar/data/1535955/0001493152-26-014834.txt
LRHC,2026-03-31,2026-04-06,10,dilution_bank,https://www.sec.gov/Archives/edgar/data/1879403/0001213900-26-040164.txt
LSBK,2026-03-31,2026-03-31,5,dilution_bank,https://www.sec.gov/Archives/edgar/data/2059653/0001193125-26-114148.txt
LSF,2026-03-31,2026-03-31,4,convert_financing|dilution_bank,https://www.sec.gov/Archives/edgar/data/1650696/0001437749-26-009947.txt
LSTA,2026-03-31,2026-03-31,2,dilution_bank,https://www.sec.gov/Archives/edgar/data/320017/0000320017-26-000012.txt
LTRN,2026-03-31,2026-03-31,1,convert_financing|dilution_bank|pipe_financing,https://www.sec.gov/Archives/edgar/data/1763950/0001493152-26-013685.txt
LVLU,2026-03-31,2026-03-31,1,dilution_bank,https://www.sec.gov/Archives/edgar/data/1780201/0001104659-26-010874.txt
LVO,2026-03-31,2026-03-31,4,convert_financing|dilution_bank|pipe_financing,https://www.sec.gov/Archives/edgar/data/1491419/0001213900-26-025749.txt
LWAY,2026-03-31,2026-03-31,3,dilution_bank,https://www.sec.gov/Archives/edgar/data/814586/0001683168-26-001682.txt
LYEL,2026-03-31,2026-04-03,4,dilution_bank|pipe_financing,https://www.sec.gov/Archives/edgar/data/1806952/0001193125-26-142213.txt
MAMO,2026-03-31,2026-03-31,1,dilution_bank,https://www.sec.gov/Archives/edgar/data/1952853/0001493152-26-008647.txt
MAYS,2026-03-31,2026-03-31,1,dilution_bank,https://www.sec.gov/Archives/edgar/data/54187/0001206774-26-000138.txt
MBIO,2026-03-31,2026-03-31,1,dilution_bank,https://www.sec.gov/Archives/edgar/data/1680048/0001104659-25-124189.txt
MBRX,2026-03-31,2026-04-15,15,dilution_bank,https://www.sec.gov/Archives/edgar/data/1659617/0001437749-26-012325.txt
MCRB,2026-03-31,2026-03-31,1,dilution_bank,https://www.sec.gov/Archives/edgar/data/1609809/0001193125-26-085368.txt
MCRP,2026-03-31,2026-03-31,1,convert_financing|dilution_bank,https://www.sec.gov/Archives/edgar/data/1993431/0001213900-26-033193.txt
MDRR,2026-03-31,2026-03-31,5,dilution_bank,https://www.sec.gov/Archives/edgar/data/1654595/0001104659-26-016379.txt
MFI,2026-03-31,2026-03-31,1,convert_financing|dilution_bank|pipe_financing,https://www.sec.gov/Archives/edgar/data/1940941/0001493152-26-000168.txt
MGRX,2026-03-31,2026-03-31,6,dilution_bank,https://www.sec.gov/Archives/edgar/data/1938046/0001493152-26-010526.txt
MHH,2026-03-31,2026-03-31,1,dilution_bank,https://www.sec.gov/Archives/edgar/data/1437226/0001193125-26-102393.txt
MI,2026-03-31,2026-03-31,1,convert_financing|dilution_bank|pipe_financing,https://www.sec.gov/Archives/edgar/data/1958713/0001213900-26-026081.txt
MITQ,2026-03-31,2026-03-31,2,dilution_bank,https://www.sec.gov/Archives/edgar/data/1770236/0001437749-26-004067.txt
MKTW,2026-03-31,2026-04-13,7,dilution_bank,https://www.sec.gov/Archives/edgar/data/1805651/0001805651-26-000030.txt
MKZR,2026-03-31,2026-03-31,8,convert_financing|dilution_bank|pipe_financing,https://www.sec.gov/Archives/edgar/data/1550913/0001550913-26-000010.txt
MLAB,2026-03-31,2026-03-31,1,dilution_bank,https://www.sec.gov/Archives/edgar/data/724004/0000724004-26-000020.txt
MLP,2026-03-31,2026-04-01,4,dilution_bank,https://www.sec.gov/Archives/edgar/data/63330/0001437749-26-010766.txt
MMA,2026-03-31,2026-03-31,2,convert_financing|dilution_bank|pipe_financing,https://www.sec.gov/Archives/edgar/data/1981519/0001493152-26-009195.txt
MNDR,2026-03-31,2026-03-31,5,dilution_bank|pipe_financing,https://www.sec.gov/Archives/edgar/data/1976695/0001493152-25-026569.txt
MNPR,2026-03-31,2026-04-20,2,dilution_bank,https://www.sec.gov/Archives/edgar/data/1645469/0001437749-26-012751.txt
MOVE,2026-03-31,2026-03-31,3,convert_financing|dilution_bank,https://www.sec.gov/Archives/edgar/data/1734750/0001213900-26-031846.txt
MSGM,2026-04-02,2026-04-02,1,dilution_bank,https://www.sec.gov/Archives/edgar/data/1821175/0001493152-26-014925.txt
MSS,2026-03-31,2026-03-31,8,convert_financing,https://www.sec.gov/Archives/edgar/data/1892292/0001213900-26-035503.txt
MTEN,2026-03-31,2026-03-31,1,convert_financing|dilution_bank|pipe_financing,https://www.sec.gov/Archives/edgar/data/1948099/0001213900-25-119078.txt
MTVA,2026-03-31,2026-04-10,5,dilution_bank,https://www.sec.gov/Archives/edgar/data/1638287/0001104659-26-041784.txt
MXC,2026-03-31,2026-03-31,1,dilution_bank,https://www.sec.gov/Archives/edgar/data/66418/0001493152-26-005985.txt
NAII,2026-03-31,2026-03-31,1,dilution_bank,https://www.sec.gov/Archives/edgar/data/787253/0001437749-25-038181.txt
NATH,2026-03-31,2026-03-31,1,dilution_bank,https://www.sec.gov/Archives/edgar/data/69733/0001104659-26-005233.txt
NC,2026-03-31,2026-03-31,2,dilution_bank,https://www.sec.gov/Archives/edgar/data/789933/0000789933-26-000071.txt
NCRA,2026-03-31,2026-03-31,7,dilution_bank,https://www.sec.gov/Archives/edgar/data/1756180/0001683168-26-000729.txt
NDRA,2026-03-31,2026-03-31,9,convert_financing|dilution_bank,https://www.sec.gov/Archives/edgar/data/1681682/0001213900-26-037497.txt
NEUP,2026-03-31,2026-03-31,6,dilution_bank,https://www.sec.gov/Archives/edgar/data/1191070/0001213900-26-002245.txt
NHTC,2026-03-31,2026-03-31,1,dilution_bank,https://www.sec.gov/Archives/edgar/data/912061/0001437749-26-002881.txt
NKSH,2026-03-31,2026-03-31,3,dilution_bank,https://www.sec.gov/Archives/edgar/data/796534/0001193125-26-124217.txt
NODK,2026-03-31,2026-03-31,4,dilution_bank,https://www.sec.gov/Archives/edgar/data/1681206/0001174947-26-000307.txt
NOMA,2026-03-31,2026-04-14,13,dilution_bank,https://www.sec.gov/Archives/edgar/data/1994214/0001493152-26-016487.txt
NPK,2026-03-31,2026-03-31,1,dilution_bank,https://www.sec.gov/Archives/edgar/data/80172/0001437749-26-003213.txt
NRXS,2026-03-31,2026-03-31,2,pipe_financing,https://www.sec.gov/Archives/edgar/data/1933567/0001493152-25-019186.txt
NSYS,2026-03-31,2026-03-31,3,dilution_bank,https://www.sec.gov/Archives/edgar/data/722313/0001493152-26-012975.txt
NTHI,2026-03-31,2026-04-16,15,pipe_financing,https://www.sec.gov/Archives/edgar/data/1979414/0001829126-26-003566.txt
NTIC,2026-04-09,2026-04-09,1,dilution_bank,https://www.sec.gov/Archives/edgar/data/875582/0001171843-26-002339.txt
NTRP,2026-03-31,2026-03-31,5,pipe_financing,https://www.sec.gov/Archives/edgar/data/788611/0001493152-26-002267.txt
NUTR,2026-03-31,2026-03-31,1,dilution_bank,https://www.sec.gov/Archives/edgar/data/2006468/0001493152-26-000607.txt
NUTX,2026-03-31,2026-03-31,2,convert_financing,https://www.sec.gov/Archives/edgar/data/1479681/0001628280-26-015174.txt
NUWE,2026-03-31,2026-03-31,5,dilution_bank|pipe_financing,https://www.sec.gov/Archives/edgar/data/1506492/0001140361-26-011775.txt
NVVE,2026-03-31,2026-04-06,14,convert_financing,https://www.sec.gov/Archives/edgar/data/1836875/0001836875-26-000029.txt
NWFL,2026-03-31,2026-03-31,1,dilution_bank,https://www.sec.gov/Archives/edgar/data/1013272/0001193125-26-001612.txt
NWPX,2026-03-31,2026-03-31,2,dilution_bank,https://www.sec.gov/Archives/edgar/data/1001385/0001437749-26-008601.txt
NWTG,2026-03-31,2026-04-13,6,convert_financing|pipe_financing,https://www.sec.gov/Archives/edgar/data/1934245/0001493152-26-016361.txt
NXG,2026-03-31,2026-04-07,4,dilution_bank,https://www.sec.gov/Archives/edgar/data/1506488/0001398344-26-006200.txt
NXTC,2026-03-31,2026-03-31,7,pipe_financing,https://www.sec.gov/Archives/edgar/data/1661059/0001104659-26-024121.txt
NXTT,2026-03-31,2026-03-31,6,pipe_financing,https://www.sec.gov/Archives/edgar/data/1784970/0001213900-26-035163.txt
NYC,2026-03-31,2026-03-31,3,convert_financing|dilution_bank,https://www.sec.gov/Archives/edgar/data/1595527/0001595527-25-000012.txt
OBT,2026-03-31,2026-03-31,3,dilution_bank,https://www.sec.gov/Archives/edgar/data/1754226/0001104659-26-018183.txt
OCC,2026-03-31,2026-03-31,1,dilution_bank,https://www.sec.gov/Archives/edgar/data/1000230/0001437749-26-007973.txt
ODC,2026-03-31,2026-03-31,5,dilution_bank,https://www.sec.gov/Archives/edgar/data/74046/0001628280-26-017241.txt
ODYS,2026-03-31,2026-03-31,3,pipe_financing,https://www.sec.gov/Archives/edgar/data/1577445/0001493152-26-013192.txt
OESX,2026-03-31,2026-03-31,5,dilution_bank|pipe_financing,https://www.sec.gov/Archives/edgar/data/1409375/0001193125-26-096674.txt
OFAL,2026-04-06,2026-04-08,3,dilution_bank,https://www.sec.gov/Archives/edgar/data/2036307/0001493152-26-015722.txt
OGEN,2026-03-31,2026-03-31,4,convert_financing|dilution_bank|pipe_financing,https://www.sec.gov/Archives/edgar/data/1174940/0001493152-26-003241.txt
OKUR,2026-03-31,2026-03-31,5,convert_financing|dilution_bank|pipe_financing,https://www.sec.gov/Archives/edgar/data/1637715/0001193125-26-130283.txt
OLB,2026-03-31,2026-04-16,5,dilution_bank,https://www.sec.gov/Archives/edgar/data/1314196/0001213900-26-044715.txt
OLOX,2026-03-31,2026-04-02,10,dilution_bank,https://www.sec.gov/Archives/edgar/data/1023994/0001213900-26-038873.txt
OMCC,2026-03-31,2026-03-31,1,dilution_bank,https://www.sec.gov/Archives/edgar/data/1000045/0001437749-25-037398.txt
ONCO,2026-03-31,2026-03-31,8,convert_financing,https://www.sec.gov/Archives/edgar/data/1782107/0001213900-26-034902.txt
ONIT,2026-03-31,2026-03-31,2,dilution_bank,https://www.sec.gov/Archives/edgar/data/873860/0001493152-26-003607.txt
OPHC,2026-03-31,2026-03-31,3,convert_financing|dilution_bank,https://www.sec.gov/Archives/edgar/data/1288855/0001493152-26-004703.txt
OPXS,2026-03-31,2026-03-31,2,dilution_bank,https://www.sec.gov/Archives/edgar/data/1397016/0001493152-26-009373.txt
OTH,2026-03-31,2026-04-06,7,dilution_bank,https://www.sec.gov/Archives/edgar/data/2067767/0001493152-26-015237.txt
OVBC,2026-03-31,2026-04-14,2,dilution_bank,https://www.sec.gov/Archives/edgar/data/894671/0000894671-26-000025.txt
PAMT,2026-03-31,2026-03-31,1,dilution_bank,https://www.sec.gov/Archives/edgar/data/798287/0001437749-25-032541.txt
PAPL,2026-03-31,2026-03-31,5,dilution_bank,https://www.sec.gov/Archives/edgar/data/1938109/0001493152-26-005987.txt
PARK,2026-03-31,2026-03-31,1,dilution_bank,https://www.sec.gov/Archives/edgar/data/2069604/0001104659-26-017525.txt
PASG,2026-03-31,2026-03-31,1,dilution_bank,https://www.sec.gov/Archives/edgar/data/1787297/0001104659-26-025550.txt
PDEX,2026-03-31,2026-03-31,3,dilution_bank,https://www.sec.gov/Archives/edgar/data/788920/0001079973-26-000141.txt
PEBK,2026-03-31,2026-04-20,3,convert_financing,https://www.sec.gov/Archives/edgar/data/1093672/0001654954-26-003709.txt
PFIS,2026-03-31,2026-03-31,1,dilution_bank,https://www.sec.gov/Archives/edgar/data/1056943/0001104659-26-008637.txt
PHGE,2026-04-13,2026-04-13,1,convert_financing|dilution_bank,https://www.sec.gov/Archives/edgar/data/1739174/0001213900-26-042811.txt
PLAG,2026-03-31,2026-03-31,1,convert_financing|dilution_bank|pipe_financing,https://www.sec.gov/Archives/edgar/data/1117057/0001213900-26-029188.txt
PLBC,2026-03-31,2026-04-15,7,dilution_bank,https://www.sec.gov/Archives/edgar/data/1168455/0001437749-26-012306.txt
PLPC,2026-03-31,2026-03-31,1,dilution_bank,https://www.sec.gov/Archives/edgar/data/80035/0000080035-25-000020.txt
PLRZ,2026-03-31,2026-04-08,3,convert_financing|dilution_bank|pipe_financing,https://www.sec.gov/Archives/edgar/data/1893645/0001213900-26-041507.txt
PLUR,2026-03-31,2026-03-31,3,pipe_financing,https://www.sec.gov/Archives/edgar/data/1158780/0001213900-26-035110.txt
PMAX,2026-03-31,2026-03-31,1,convert_financing|dilution_bank|pipe_financing,https://www.sec.gov/Archives/edgar/data/2012096/0001213900-26-023208.txt
PMCB,2026-03-31,2026-04-02,2,dilution_bank,https://www.sec.gov/Archives/edgar/data/1157075/0001683168-26-002613.txt
PNRG,2026-03-31,2026-03-31,1,dilution_bank,https://www.sec.gov/Archives/edgar/data/56868/0001437749-26-006089.txt
POCI,2026-03-31,2026-03-31,4,convert_financing|dilution_bank|pipe_financing,https://www.sec.gov/Archives/edgar/data/867840/0001683168-26-002421.txt
PODC,2026-03-31,2026-04-10,5,dilution_bank,https://www.sec.gov/Archives/edgar/data/1940177/0001213900-26-042467.txt
POLA,2026-03-31,2026-03-31,4,dilution_bank,https://www.sec.gov/Archives/edgar/data/1622345/0001493152-25-027972.txt
POWL,2026-03-31,2026-03-31,1,dilution_bank,https://www.sec.gov/Archives/edgar/data/80420/0000080420-26-000013.txt
PPCB,2026-03-31,2026-03-31,3,dilution_bank,https://www.sec.gov/Archives/edgar/data/1517681/0001493152-26-008196.txt
PPIH,2026-03-31,2026-04-14,2,dilution_bank,https://www.sec.gov/Archives/edgar/data/914122/0001437749-26-012209.txt
PPSI,2026-03-31,2026-03-31,1,dilution_bank,https://www.sec.gov/Archives/edgar/data/1449792/0001493152-26-007832.txt
PROV,2026-03-31,2026-03-31,3,dilution_bank,https://www.sec.gov/Archives/edgar/data/1010470/0000939057-26-000016.txt
PRSO,2026-03-31,2026-04-10,11,dilution_bank|pipe_financing,https://www.sec.gov/Archives/edgar/data/890394/0001213900-26-042525.txt
PSIX,2026-03-31,2026-03-31,2,dilution_bank,https://www.sec.gov/Archives/edgar/data/1137091/0001193125-26-106243.txt
PTHS,2026-03-31,2026-03-31,5,convert_financing|dilution_bank|pipe_financing,https://www.sec.gov/Archives/edgar/data/1919246/0001753926-26-000321.txt
PTN,2026-03-31,2026-03-31,4,dilution_bank,https://www.sec.gov/Archives/edgar/data/911216/0001654954-25-012928.txt
PULM,2026-03-31,2026-03-31,4,dilution_bank,https://www.sec.gov/Archives/edgar/data/1574235/0001493152-26-008449.txt
PVLA,2026-03-31,2026-03-31,6,dilution_bank,https://www.sec.gov/Archives/edgar/data/1583648/0001104659-26-020667.txt
PXED,2026-03-31,2026-04-07,3,dilution_bank,https://www.sec.gov/Archives/edgar/data/1600222/0001193125-26-145522.txt
PXLW,2026-03-31,2026-03-31,5,pipe_financing,https://www.sec.gov/Archives/edgar/data/1040161/0001040161-26-000018.txt
PYPD,2026-03-31,2026-03-31,1,dilution_bank|pipe_financing,https://www.sec.gov/Archives/edgar/data/1611842/0001213900-25-115476.txt
QCLS,2026-03-31,2026-03-31,8,dilution_bank,https://www.sec.gov/Archives/edgar/data/1321834/0001493152-26-010070.txt
QNTM,2026-03-31,2026-03-31,2,dilution_bank|pipe_financing,https://www.sec.gov/Archives/edgar/data/1771885/0001753926-25-001935.txt
QTTB,2026-03-31,2026-03-31,7,dilution_bank|pipe_financing,https://www.sec.gov/Archives/edgar/data/1661998/0001193125-26-129431.txt
RAND,2026-03-31,2026-03-31,2,dilution_bank,https://www.sec.gov/Archives/edgar/data/81955/0001493152-26-008935.txt
RAVE,2026-03-31,2026-03-31,1,dilution_bank,https://www.sec.gov/Archives/edgar/data/718332/0001140361-26-003801.txt
RAYA,2026-03-31,2026-03-31,2,convert_financing|dilution_bank|pipe_financing,https://www.sec.gov/Archives/edgar/data/1825875/0001185185-26-000939.txt
RBKB,2026-03-31,2026-03-31,1,dilution_bank,https://www.sec.gov/Archives/edgar/data/1751783/0001104659-26-012668.txt
RCKY,2026-03-31,2026-03-31,1,dilution_bank,https://www.sec.gov/Archives/edgar/data/895456/0001437749-25-031962.txt
RCMT,2026-03-31,2026-03-31,3,dilution_bank,https://www.sec.gov/Archives/edgar/data/700841/0000929638-26-000744.txt
RCON,2026-03-31,2026-03-31,1,convert_financing|dilution_bank|pipe_financing,https://www.sec.gov/Archives/edgar/data/1442620/0001104659-25-125697.txt
RDIB,2026-03-31,2026-03-31,1,dilution_bank,https://www.sec.gov/Archives/edgar/data/716634/0000716634-25-000050.txt
REBN,2026-03-31,2026-04-06,3,convert_financing,https://www.sec.gov/Archives/edgar/data/1707910/0001213900-26-040493.txt
REED,2026-03-31,2026-04-17,5,dilution_bank,https://www.sec.gov/Archives/edgar/data/1140215/0001493152-26-017828.txt
RENT,2026-03-31,2026-04-15,6,dilution_bank|pipe_financing,https://www.sec.gov/Archives/edgar/data/1468327/0000950103-26-005727.txt
REPX,2026-03-31,2026-03-31,2,dilution_bank,https://www.sec.gov/Archives/edgar/data/1001614/0001001614-26-000010.txt
RFIL,2026-03-31,2026-03-31,1,dilution_bank,https://www.sec.gov/Archives/edgar/data/740664/0001437749-26-001267.txt
RGCO,2026-03-31,2026-04-01,3,pipe_financing,https://www.sec.gov/Archives/edgar/data/1069533/0001437749-26-010853.txt
RGS,2026-04-15,2026-04-15,1,dilution_bank,https://www.sec.gov/Archives/edgar/data/716643/0000716643-26-000017.txt
RHLD,2026-03-31,2026-03-31,4,convert_financing|dilution_bank,https://www.sec.gov/Archives/edgar/data/2039497/0001104659-26-026706.txt
RICK,2026-03-31,2026-03-31,7,dilution_bank,https://www.sec.gov/Archives/edgar/data/935419/0001628280-26-019809.txt
RIME,2026-03-31,2026-04-17,5,dilution_bank|pipe_financing,https://www.sec.gov/Archives/edgar/data/923601/0001493152-26-017876.txt
RKDA,2026-03-31,2026-03-31,3,convert_financing|dilution_bank|pipe_financing,https://www.sec.gov/Archives/edgar/data/1469443/0001193125-26-045063.txt
RMBI,2026-03-31,2026-03-31,1,convert_financing,https://www.sec.gov/Archives/edgar/data/1767837/0001628280-25-046116.txt
RMCF,2026-03-31,2026-03-31,5,dilution_bank|pipe_financing,https://www.sec.gov/Archives/edgar/data/1616262/0001437749-26-004110.txt
RNAZ,2026-03-31,2026-04-07,4,convert_financing|dilution_bank,https://www.sec.gov/Archives/edgar/data/1829635/0001104659-26-040171.txt
ROC,2026-03-31,2026-03-31,3,convert_financing|dilution_bank,https://www.sec.gov/Archives/edgar/data/2077709/0001213900-26-019981.txt
ROLR,2026-03-31,2026-03-31,7,dilution_bank|pipe_financing,https://www.sec.gov/Archives/edgar/data/1947210/0001753926-26-000541.txt
ROOT,2026-03-31,2026-03-31,1,convert_financing|dilution_bank,https://www.sec.gov/Archives/edgar/data/1788882/0001788882-26-000013.txt
RRBI,2026-03-31,2026-03-31,5,dilution_bank,https://www.sec.gov/Archives/edgar/data/1071236/0001071236-26-000009.txt
RUBI,2026-03-31,2026-03-31,21,convert_financing|pipe_financing,https://www.sec.gov/Archives/edgar/data/1943421/0001171843-26-001024.txt
RUSHB,2026-03-31,2026-03-31,3,dilution_bank,https://www.sec.gov/Archives/edgar/data/1012019/0001437749-26-009453.txt
RVYL,2026-03-31,2026-04-02,9,convert_financing|dilution_bank|pipe_financing,https://www.sec.gov/Archives/edgar/data/1419275/0001185185-26-001245.txt
RYM,2026-03-31,2026-04-01,5,dilution_bank,https://www.sec.gov/Archives/edgar/data/1800637/0001213900-26-037996.txt
SAM,2026-03-31,2026-03-31,3,dilution_bank,https://www.sec.gov/Archives/edgar/data/949870/0001193125-26-054573.txt
SAMG,2026-03-31,2026-03-31,2,dilution_bank,https://www.sec.gov/Archives/edgar/data/1549966/0001193125-26-108350.txt
SBDS,2026-03-31,2026-03-31,1,dilution_bank,https://www.sec.gov/Archives/edgar/data/1870600/0001870600-26-000008.txt
SBFG,2026-03-31,2026-03-31,6,dilution_bank,https://www.sec.gov/Archives/edgar/data/767405/0001213900-26-010673.txt
SBLX,2026-03-31,2026-03-31,2,convert_financing|dilution_bank|pipe_financing,https://www.sec.gov/Archives/edgar/data/1086745/0001493152-26-001138.txt
SCKT,2026-03-31,2026-03-31,4,convert_financing|dilution_bank,https://www.sec.gov/Archives/edgar/data/944075/0000944075-26-000025.txt
SCOR,2026-03-31,2026-03-31,4,convert_financing,https://www.sec.gov/Archives/edgar/data/1158172/0001158172-26-000003.txt
SCWO,2026-03-31,2026-03-31,7,dilution_bank,https://www.sec.gov/Archives/edgar/data/933972/0001654954-26-002128.txt
SDOT,2026-03-31,2026-03-31,6,convert_financing,https://www.sec.gov/Archives/edgar/data/1701756/0001731122-26-000391.txt
SEED,2026-03-31,2026-03-31,1,dilution_bank,https://www.sec.gov/Archives/edgar/data/1321851/0001104659-25-123758.txt
SEG,2026-03-31,2026-04-07,4,dilution_bank,https://www.sec.gov/Archives/edgar/data/2009684/0001104659-26-040479.txt
SER,2026-03-31,2026-03-31,6,convert_financing|pipe_financing,https://www.sec.gov/Archives/edgar/data/1708599/0001708599-26-000018.txt
SFBC,2026-03-31,2026-03-31,2,convert_financing|dilution_bank,https://www.sec.gov/Archives/edgar/data/1541119/0001541119-26-000003.txt
SFST,2026-03-31,2026-04-16,4,dilution_bank,https://www.sec.gov/Archives/edgar/data/1090009/0001206774-26-000226.txt
SGA,2026-03-31,2026-03-31,1,dilution_bank,https://www.sec.gov/Archives/edgar/data/886136/0001104659-25-110952.txt
SGLY,2026-03-31,2026-03-31,4,pipe_financing,https://www.sec.gov/Archives/edgar/data/1422892/0001213900-25-109982.txt
SHPH,2026-03-31,2026-03-31,10,convert_financing|dilution_bank,https://www.sec.gov/Archives/edgar/data/1757499/0001493152-26-009551.txt
SIF,2026-03-31,2026-03-31,2,dilution_bank,https://www.sec.gov/Archives/edgar/data/90168/0000090168-26-000012.txt
SINT,2026-03-31,2026-03-31,6,dilution_bank,https://www.sec.gov/Archives/edgar/data/1269026/0001493152-26-007271.txt
SKLZ,2026-03-31,2026-03-31,2,dilution_bank,https://www.sec.gov/Archives/edgar/data/1801661/0001801661-25-000104.txt
SLGL,2026-03-31,2026-03-31,1,convert_financing|dilution_bank,https://www.sec.gov/Archives/edgar/data/1684693/0001178913-26-001626.txt
SLNG,2026-03-31,2026-04-20,4,dilution_bank|pipe_financing,https://www.sec.gov/Archives/edgar/data/1043186/0001437749-26-012703.txt
SMTI,2026-03-31,2026-03-31,1,dilution_bank,https://www.sec.gov/Archives/edgar/data/714256/0001493152-25-021715.txt
SMTK,2026-03-31,2026-04-17,12,convert_financing|dilution_bank|pipe_financing,https://www.sec.gov/Archives/edgar/data/1817760/0001104659-26-044939.txt
SNAL,2026-03-31,2026-03-31,5,convert_financing,https://www.sec.gov/Archives/edgar/data/1886894/0001493152-26-011614.txt
SNDA,2026-03-31,2026-03-31,5,convert_financing|dilution_bank,https://www.sec.gov/Archives/edgar/data/1043000/0001193125-26-102271.txt
SNES,2026-03-31,2026-03-31,1,dilution_bank,https://www.sec.gov/Archives/edgar/data/1680378/0001213900-25-110873.txt
SNGX,2026-03-31,2026-03-31,5,dilution_bank|pipe_financing,https://www.sec.gov/Archives/edgar/data/812796/0001104659-26-006233.txt
SNOA,2026-03-31,2026-04-17,3,convert_financing|dilution_bank|pipe_financing,https://www.sec.gov/Archives/edgar/data/1367083/0001683168-26-003052.txt
SNSE,2026-03-31,2026-04-16,4,convert_financing,https://www.sec.gov/Archives/edgar/data/1829802/0001193125-26-158951.txt
SNWV,2026-03-31,2026-04-16,3,dilution_bank,https://www.sec.gov/Archives/edgar/data/1417663/0001628280-26-025553.txt
SNYR,2026-03-31,2026-03-31,3,dilution_bank,https://www.sec.gov/Archives/edgar/data/1562733/0001213900-26-034072.txt
SOBR,2026-03-31,2026-03-31,3,convert_financing|dilution_bank|pipe_financing,https://www.sec.gov/Archives/edgar/data/1425627/0001477932-26-000335.txt
SONM,2026-03-31,2026-04-15,7,convert_financing,https://www.sec.gov/Archives/edgar/data/1178697/0001493152-26-016655.txt
SOPA,2026-03-31,2026-03-31,7,convert_financing|dilution_bank|pipe_financing,https://www.sec.gov/Archives/edgar/data/1817511/0001493152-26-006687.txt
SOR,2026-03-31,2026-03-31,3,dilution_bank,https://www.sec.gov/Archives/edgar/data/91847/0001104659-26-035753.txt
SOWG,2026-03-31,2026-04-17,8,pipe_financing,https://www.sec.gov/Archives/edgar/data/1490161/0001829126-26-003615.txt
SPAI,2026-03-31,2026-03-31,4,dilution_bank,https://www.sec.gov/Archives/edgar/data/2011208/0001493152-26-007537.txt
SPPL,2026-03-31,2026-03-31,2,convert_financing|dilution_bank|pipe_financing,https://www.sec.gov/Archives/edgar/data/1948697/0001493152-26-014228.txt
SPRB,2026-03-31,2026-04-20,8,convert_financing|dilution_bank|pipe_financing,https://www.sec.gov/Archives/edgar/data/1683553/0001193125-26-163919.txt
SPRC,2026-03-31,2026-03-31,4,convert_financing|dilution_bank|pipe_financing,https://www.sec.gov/Archives/edgar/data/1611746/0001213900-26-017502.txt
SRBK,2026-03-31,2026-03-31,4,dilution_bank,https://www.sec.gov/Archives/edgar/data/1951276/0000943374-26-000134.txt
SRV,2026-03-31,2026-03-31,2,dilution_bank,https://www.sec.gov/Archives/edgar/data/1400897/0001398344-25-021090.txt
SSKN,2026-03-31,2026-03-31,3,dilution_bank,https://www.sec.gov/Archives/edgar/data/1051514/0001140361-25-045145.txt
SSM,2026-03-31,2026-03-31,5,dilution_bank,https://www.sec.gov/Archives/edgar/data/1840416/0001171843-26-001794.txt
SSTI,2026-03-31,2026-03-31,2,dilution_bank,https://www.sec.gov/Archives/edgar/data/1351636/0001193125-26-088211.txt
STAK,2026-03-31,2026-03-31,1,dilution_bank|pipe_financing,https://www.sec.gov/Archives/edgar/data/2002453/0001493152-26-000242.txt
STEM,2026-03-31,2026-03-31,7,dilution_bank,https://www.sec.gov/Archives/edgar/data/1758766/0001758766-26-000031.txt
STI,2026-03-31,2026-03-31,3,dilution_bank|pipe_financing,https://www.sec.gov/Archives/edgar/data/1881551/0001213900-26-015206.txt
STRS,2026-03-31,2026-03-31,8,dilution_bank,https://www.sec.gov/Archives/edgar/data/885508/0000885508-26-000006.txt
STRW,2026-03-31,2026-04-15,5,dilution_bank|pipe_financing,https://www.sec.gov/Archives/edgar/data/1782430/0001493152-26-016802.txt
SUNE,2026-04-09,2026-04-15,4,dilution_bank,https://www.sec.gov/Archives/edgar/data/22701/0001213900-26-043846.txt
SUNS,2026-03-31,2026-03-31,3,dilution_bank,https://www.sec.gov/Archives/edgar/data/2012706/0001628280-26-017021.txt
SVCO,2026-03-31,2026-03-31,6,dilution_bank|pipe_financing,https://www.sec.gov/Archives/edgar/data/1943289/0001628280-26-017738.txt
SVRN,2026-03-31,2026-03-31,2,dilution_bank|pipe_financing,https://www.sec.gov/Archives/edgar/data/1869467/0001140361-25-043550.txt
SWMR,2026-03-31,2026-03-31,2,dilution_bank,https://www.sec.gov/Archives/edgar/data/2092574/0001104659-26-031244.txt
SXTC,2026-03-31,2026-04-09,3,convert_financing|dilution_bank,https://www.sec.gov/Archives/edgar/data/1723980/0001213900-26-041766.txt
SYBX,2026-03-31,2026-03-31,1,dilution_bank,https://www.sec.gov/Archives/edgar/data/1527599/0001193125-25-319653.txt
TACT,2026-03-31,2026-04-03,7,dilution_bank,https://www.sec.gov/Archives/edgar/data/1017303/0001214659-26-004335.txt
TAIT,2026-03-31,2026-03-31,2,dilution_bank,https://www.sec.gov/Archives/edgar/data/942126/0001185185-25-001751.txt
TANH,2026-03-31,2026-04-02,2,dilution_bank|pipe_financing,https://www.sec.gov/Archives/edgar/data/1588084/0001477932-26-001963.txt
TAOX,2026-03-31,2026-03-31,3,convert_financing|dilution_bank,https://www.sec.gov/Archives/edgar/data/1571934/0001104659-25-123187.txt
TAYD,2026-03-31,2026-03-31,1,dilution_bank,https://www.sec.gov/Archives/edgar/data/96536/0001376474-25-000858.txt
TBHC,2026-03-31,2026-04-01,4,pipe_financing,https://www.sec.gov/Archives/edgar/data/1056285/0001437749-26-010806.txt
TCBS,2026-03-31,2026-03-31,1,dilution_bank,https://www.sec.gov/Archives/edgar/data/1849466/0000943374-25-000472.txt
TCRT,2026-03-31,2026-03-31,4,dilution_bank,https://www.sec.gov/Archives/edgar/data/1107421/0001193125-26-007054.txt
TCX,2026-03-31,2026-03-31,1,convert_financing,https://www.sec.gov/Archives/edgar/data/909494/0001437749-25-037049.txt
TECX,2026-03-31,2026-03-31,1,dilution_bank,https://www.sec.gov/Archives/edgar/data/1681087/0001193125-25-269573.txt
TENX,2026-03-31,2026-03-31,1,convert_financing|dilution_bank|pipe_financing,https://www.sec.gov/Archives/edgar/data/34956/0001654954-26-002661.txt
TGL,2026-03-31,2026-03-31,11,dilution_bank,https://www.sec.gov/Archives/edgar/data/1905956/0001213900-26-027004.txt
TISI,2026-03-31,2026-03-31,4,dilution_bank,https://www.sec.gov/Archives/edgar/data/318833/0001193125-26-042817.txt
TIVC,2026-03-31,2026-04-15,15,convert_financing|dilution_bank|pipe_financing,https://www.sec.gov/Archives/edgar/data/1787740/0001683168-26-003004.txt
TLF,2026-03-31,2026-03-31,2,dilution_bank,https://www.sec.gov/Archives/edgar/data/909724/0001140361-26-006558.txt
TLPH,2026-03-31,2026-04-01,11,dilution_bank|pipe_financing,https://www.sec.gov/Archives/edgar/data/1427925/0001437749-26-010910.txt
TOPP,2026-03-31,2026-04-16,4,dilution_bank,https://www.sec.gov/Archives/edgar/data/1960847/0001213900-26-044690.txt
TORO,2026-03-31,2026-03-31,1,convert_financing|dilution_bank|pipe_financing,https://www.sec.gov/Archives/edgar/data/1941131/0001140361-25-041829.txt
TPCS,2026-03-31,2026-03-31,5,dilution_bank|pipe_financing,https://www.sec.gov/Archives/edgar/data/1328792/0001104659-26-016425.txt
TPET,2026-03-31,2026-04-10,25,dilution_bank,https://www.sec.gov/Archives/edgar/data/1898766/0001493152-26-016048.txt
TPST,2026-03-31,2026-04-10,12,pipe_financing,https://www.sec.gov/Archives/edgar/data/1544227/0001193125-26-150470.txt
TRAW,2026-03-31,2026-04-15,5,dilution_bank|pipe_financing,https://www.sec.gov/Archives/edgar/data/1130598/0001104659-26-043781.txt
TREE,2026-03-31,2026-03-31,2,convert_financing,https://www.sec.gov/Archives/edgar/data/1434621/0001628280-26-013273.txt
TRNR,2026-03-31,2026-03-31,18,convert_financing,https://www.sec.gov/Archives/edgar/data/1785056/0001193125-26-108367.txt
TRNS,2026-03-31,2026-03-31,1,dilution_bank,https://www.sec.gov/Archives/edgar/data/99302/0001206774-26-000129.txt
TRT,2026-03-31,2026-03-31,1,dilution_bank|pipe_financing,https://www.sec.gov/Archives/edgar/data/732026/0001437749-25-032725.txt
TRUG,2026-03-31,2026-03-31,4,convert_financing|dilution_bank|pipe_financing,https://www.sec.gov/Archives/edgar/data/1857086/0001493152-26-010064.txt
TSBK,2026-03-31,2026-03-31,2,dilution_bank,https://www.sec.gov/Archives/edgar/data/1046050/0000939057-26-000020.txt
TSQ,2026-03-31,2026-03-31,1,dilution_bank,https://www.sec.gov/Archives/edgar/data/1499832/0001499832-26-000019.txt
TTRX,2026-03-31,2026-03-31,6,convert_financing|dilution_bank|pipe_financing,https://www.sec.gov/Archives/edgar/data/2023016/0001213900-26-033233.txt
TVRD,2026-03-31,2026-03-31,3,convert_financing,https://www.sec.gov/Archives/edgar/data/1346830/0001104659-26-037724.txt
TWAV,2026-03-31,2026-04-02,2,convert_financing|dilution_bank|pipe_financing,https://www.sec.gov/Archives/edgar/data/746210/0001437749-26-011152.txt
TZOO,2026-04-20,2026-04-20,1,dilution_bank,https://www.sec.gov/Archives/edgar/data/1133311/0001133311-26-000007.txt
UBCP,2026-03-31,2026-03-31,1,dilution_bank,https://www.sec.gov/Archives/edgar/data/731653/0001104659-26-018105.txt
UFG,2026-03-31,2026-03-31,1,convert_financing|dilution_bank,https://www.sec.gov/Archives/edgar/data/2021688/0001493152-26-002559.txt
UFPT,2026-03-31,2026-03-31,3,dilution_bank,https://www.sec.gov/Archives/edgar/data/914156/0001628280-26-011154.txt
UG,2026-03-31,2026-03-31,1,dilution_bank,https://www.sec.gov/Archives/edgar/data/101295/0001171843-26-000508.txt
UI,2026-03-31,2026-03-31,1,dilution_bank,https://www.sec.gov/Archives/edgar/data/1511737/0001511737-25-000078.txt
ULBI,2026-03-31,2026-03-31,2,dilution_bank,https://www.sec.gov/Archives/edgar/data/875657/0001437749-26-007567.txt
ULH,2026-03-31,2026-03-31,2,dilution_bank|pipe_financing,https://www.sec.gov/Archives/edgar/data/1308208/0001193125-25-251665.txt
ULY,2026-03-31,2026-03-31,1,convert_financing|dilution_bank,https://www.sec.gov/Archives/edgar/data/1603652/0001193125-26-106848.txt
UNB,2026-03-31,2026-04-15,5,dilution_bank,https://www.sec.gov/Archives/edgar/data/706863/0000706863-26-000038.txt
UNTY,2026-03-31,2026-03-31,3,dilution_bank,https://www.sec.gov/Archives/edgar/data/920427/0000920427-26-000008.txt
UUU,2026-03-31,2026-03-31,3,convert_financing,https://www.sec.gov/Archives/edgar/data/102109/0001104659-26-011560.txt
VABK,2026-03-31,2026-03-31,1,dilution_bank,https://www.sec.gov/Archives/edgar/data/1572334/0001193125-26-028308.txt
VBIX,2026-03-31,2026-04-07,5,convert_financing|dilution_bank|pipe_financing,https://www.sec.gov/Archives/edgar/data/797542/0001493152-26-015529.txt
VEEE,2026-03-31,2026-03-31,7,convert_financing|dilution_bank|pipe_financing,https://www.sec.gov/Archives/edgar/data/1855509/0001731122-26-000483.txt
VERO,2026-03-31,2026-03-31,2,convert_financing|dilution_bank|pipe_financing,https://www.sec.gov/Archives/edgar/data/1409269/0001140361-25-041802.txt
VHI,2026-03-31,2026-03-31,1,dilution_bank,https://www.sec.gov/Archives/edgar/data/59255/0000059255-25-000081.txt
VIVS,2026-03-31,2026-04-02,3,convert_financing|dilution_bank|pipe_financing,https://www.sec.gov/Archives/edgar/data/1497253/0001213900-26-039307.txt
VMAR,2026-03-31,2026-03-31,1,convert_financing|dilution_bank|pipe_financing,https://www.sec.gov/Archives/edgar/data/1813783/0001104659-25-118177.txt
VNCE,2026-03-31,2026-04-15,2,dilution_bank|pipe_financing,https://www.sec.gov/Archives/edgar/data/1579157/0001193125-26-155934.txt
VRAX,2026-03-31,2026-03-31,2,dilution_bank|pipe_financing,https://www.sec.gov/Archives/edgar/data/1885827/0001193125-25-338385.txt
VRCA,2026-03-31,2026-03-31,4,dilution_bank|pipe_financing,https://www.sec.gov/Archives/edgar/data/1660334/0001193125-26-101126.txt
VRME,2026-03-31,2026-03-31,2,convert_financing|dilution_bank,https://www.sec.gov/Archives/edgar/data/1104038/0001214659-26-004005.txt
VRTS,2026-03-31,2026-03-31,4,dilution_bank,https://www.sec.gov/Archives/edgar/data/883237/0000883237-26-000012.txt
VS,2026-03-31,2026-03-31,1,dilution_bank,https://www.sec.gov/Archives/edgar/data/1701963/0001213900-26-005292.txt
VTAK,2026-03-31,2026-04-15,5,convert_financing,https://www.sec.gov/Archives/edgar/data/1716621/0001437749-26-012393.txt
VTVT,2026-03-31,2026-03-31,4,dilution_bank|pipe_financing,https://www.sec.gov/Archives/edgar/data/1641489/0001641489-26-000011.txt
VVOS,2026-03-31,2026-04-15,9,dilution_bank,https://www.sec.gov/Archives/edgar/data/1716166/0001493152-26-016865.txt
WATT,2026-03-31,2026-03-31,2,pipe_financing,https://www.sec.gov/Archives/edgar/data/1575793/0001104659-25-110384.txt
WCT,2026-03-31,2026-03-31,1,dilution_bank|pipe_financing,https://www.sec.gov/Archives/edgar/data/1990251/0001213900-25-118563.txt
WETO,2026-03-31,2026-03-31,1,convert_financing|dilution_bank,https://www.sec.gov/Archives/edgar/data/1941158/0001213900-26-029040.txt
WEYS,2026-03-31,2026-03-31,1,dilution_bank,https://www.sec.gov/Archives/edgar/data/106532/0001104659-26-000687.txt
WHG,2026-03-31,2026-03-31,2,dilution_bank,https://www.sec.gov/Archives/edgar/data/1165002/0001165002-26-000005.txt
WINA,2026-03-31,2026-04-15,4,dilution_bank,https://www.sec.gov/Archives/edgar/data/908315/0000908315-26-000016.txt
WKHS,2026-03-31,2026-03-31,3,convert_financing|dilution_bank,https://www.sec.gov/Archives/edgar/data/1425287/0001628280-26-022400.txt
WLFC,2026-03-31,2026-03-31,2,dilution_bank,https://www.sec.gov/Archives/edgar/data/1018164/0001018164-26-000018.txt
WNW,2026-03-31,2026-03-31,1,convert_financing|dilution_bank|pipe_financing,https://www.sec.gov/Archives/edgar/data/1787803/0001493152-26-011043.txt
WOK,2026-03-31,2026-03-31,1,convert_financing|dilution_bank|pipe_financing,https://www.sec.gov/Archives/edgar/data/1929783/0001213900-25-113728.txt
WRLD,2026-03-31,2026-04-15,3,dilution_bank,https://www.sec.gov/Archives/edgar/data/108385/0001437749-26-012282.txt
WSBK,2026-03-31,2026-03-31,1,dilution_bank,https://www.sec.gov/Archives/edgar/data/2047235/0001193125-25-246729.txt
WSHP,2026-03-31,2026-03-31,2,dilution_bank,https://www.sec.gov/Archives/edgar/data/2048271/0001493152-25-028736.txt
WTM,2026-03-31,2026-04-01,5,dilution_bank,https://www.sec.gov/Archives/edgar/data/776867/0001628280-26-022818.txt
WTO,2026-03-31,2026-03-31,1,convert_financing|dilution_bank|pipe_financing,https://www.sec.gov/Archives/edgar/data/1789299/0001493152-25-018387.txt
WXM,2026-03-31,2026-03-31,1,convert_financing|dilution_bank,https://www.sec.gov/Archives/edgar/data/1979610/0001731122-25-001482.txt
WYFI,2026-03-31,2026-03-31,3,convert_financing|dilution_bank|pipe_financing,https://www.sec.gov/Archives/edgar/data/2042022/0001213900-26-007740.txt
WYY,2026-03-31,2026-04-10,3,convert_financing|dilution_bank|pipe_financing,https://www.sec.gov/Archives/edgar/data/1034760/0001654954-26-003410.txt
XAIR,2026-03-31,2026-04-01,10,dilution_bank,https://www.sec.gov/Archives/edgar/data/1641631/0001493152-26-014676.txt
XBIO,2026-03-31,2026-03-31,6,dilution_bank,https://www.sec.gov/Archives/edgar/data/1534525/0001683168-26-001744.txt
XCUR,2026-03-31,2026-04-02,3,dilution_bank,https://www.sec.gov/Archives/edgar/data/1698530/0001698530-26-000034.txt
XELB,2026-03-31,2026-04-17,4,convert_financing|dilution_bank|pipe_financing,https://www.sec.gov/Archives/edgar/data/1083220/0001104659-26-044940.txt
XPON,2026-03-31,2026-03-31,7,convert_financing,https://www.sec.gov/Archives/edgar/data/1894954/0001903596-26-000074.txt
XRTX,2026-03-31,2026-03-31,1,convert_financing|dilution_bank|pipe_financing,https://www.sec.gov/Archives/edgar/data/1729214/0001104659-25-101634.txt
XWEL,2026-03-31,2026-04-16,10,convert_financing|dilution_bank|pipe_financing,https://www.sec.gov/Archives/edgar/data/1410428/0001104659-26-044360.txt
XXII,2026-03-31,2026-04-10,10,convert_financing|dilution_bank|pipe_financing,https://www.sec.gov/Archives/edgar/data/1347858/0001493152-26-016180.txt
YCBD,2026-03-31,2026-04-01,11,convert_financing|dilution_bank,https://www.sec.gov/Archives/edgar/data/1644903/0001437749-26-010878.txt
YHGJ,2026-03-31,2026-03-31,2,dilution_bank,https://www.sec.gov/Archives/edgar/data/1042187/0001493152-25-026623.txt
YSXT,2026-03-31,2026-03-31,1,convert_financing|dilution_bank|pipe_financing,https://www.sec.gov/Archives/edgar/data/1993463/0001104659-26-015205.txt
ZSPC,2026-03-31,2026-03-31,7,convert_financing,https://www.sec.gov/Archives/edgar/data/1637147/0001104659-26-036812.txt
ZSTK,2026-03-31,2026-03-31,10,convert_financing|dilution_bank|pipe_financing,https://www.sec.gov/Archives/edgar/data/1790169/0001062993-26-001764.txt
